/*
Navicat MySQL Data Transfer

Source Server         : mysql8
Source Server Version : 80017
Source Host           : localhost:3306
Source Database       : aiqi-product

Target Server Type    : MYSQL
Target Server Version : 80017
File Encoding         : 65001

Date: 2019-10-12 18:33:00
*/

SET FOREIGN_KEY_CHECKS=0;

-- ----------------------------
-- Table structure for t_brand
-- ----------------------------
DROP TABLE IF EXISTS `t_brand`;
CREATE TABLE `t_brand` (
  `id` bigint(20) NOT NULL AUTO_INCREMENT,
  `createTime` bigint(20) DEFAULT NULL,
  `updateTime` bigint(20) DEFAULT NULL,
  `name` varchar(20) NOT NULL DEFAULT '匿名' COMMENT '用户姓名',
  `englishName` varchar(30) DEFAULT NULL COMMENT '英文名',
  `firstLetter` char(1) DEFAULT '' COMMENT '首字母',
  `description` varchar(255) DEFAULT NULL,
  `product_type_id` bigint(20) DEFAULT NULL COMMENT '商品分类ID',
  `sortIndex` int(11) DEFAULT '100',
  `logo` varchar(150) DEFAULT NULL COMMENT '品牌LOGO',
  PRIMARY KEY (`id`)
) ENGINE=InnoDB AUTO_INCREMENT=37 DEFAULT CHARSET=utf8 COMMENT='品牌信息';

-- ----------------------------
-- Records of t_brand
-- ----------------------------
INSERT INTO `t_brand` VALUES ('1', null, null, '七匹狼', 'SeptWolves', 'Q', '', '296', null, '');
INSERT INTO `t_brand` VALUES ('3', null, null, '报喜鸟', 'Bird', 'B', '', '266', null, 'BAE6891F7E6A465CAFCF1B51192D2D90');
INSERT INTO `t_brand` VALUES ('4', null, null, '鄂尔多斯', 'ErDuosi', 'E', '', '266', null, '');
INSERT INTO `t_brand` VALUES ('5', null, null, '金士顿', 'Kinston', 'J', '', '254', null, '73686A2DA5E04499B0906CBFC81D4130');
INSERT INTO `t_brand` VALUES ('6', null, null, '威刚', 'AData', 'W', '', '254', null, 'EE6BAE50D87A4A86A0053DF4A8A00607');
INSERT INTO `t_brand` VALUES ('7', null, null, '闪迪', 'Sandisk', 'S', '', '254', '100', '3BC82D1AF6A141C5AE644D47CA950E9D');
INSERT INTO `t_brand` VALUES ('8', null, null, '三星', 'Samsung', 'S', '', '254', '100', '5D6548732F074264A26DB93903759BFF');
INSERT INTO `t_brand` VALUES ('9', null, null, '爱国者', 'Aigo', 'A', '', '254', '100', '3AEFF25B8973464196B074A492F3DC73');
INSERT INTO `t_brand` VALUES ('10', null, null, '丹慕妮尔', 'Danmunier', 'D', '', '270', '100', 'B6C6F9097ED54EFB9947932F46984E8D');
INSERT INTO `t_brand` VALUES ('11', null, null, 'FivePlus', 'Five Plus', 'F', '', '270', '100', '7CB21769C1CC4B6CBCE5A30D34EE8AC1');
INSERT INTO `t_brand` VALUES ('12', null, null, '哥弟', 'Girdear', 'G', '', '270', '100', 'C4AC5CA168C74B53B59289F7A1BED801');
INSERT INTO `t_brand` VALUES ('13', null, null, '海青蓝', 'CRANINE SEA', 'H', '', '270', '100', 'FA30FB8317C24C6796C00FA974D5373C');
INSERT INTO `t_brand` VALUES ('14', null, null, '韩都衣舍', 'HSTYLE', 'H', '', '270', '100', 'DAD487EF3C0E4A7CB591AACA48C13F26');
INSERT INTO `t_brand` VALUES ('15', null, null, '拉夏贝尔', 'La Chapelle', 'L', '', '270', '100', '37FE17A4A80E4B088533F35B27C55E19');
INSERT INTO `t_brand` VALUES ('16', null, null, 'MO&CO', 'MO&CO', 'M', '', '270', '100', 'BB6AF4AA1774496F987EB4BCD5D643D6');
INSERT INTO `t_brand` VALUES ('17', null, null, 'ONLY', 'ONLY', 'O', '', '270', '100', '2D955DEF6BD44F1590E56FB2878F70DD');
INSERT INTO `t_brand` VALUES ('18', null, null, 'POEMLADY', 'POEMLADY', 'P', '', '270', '100', '917C96D62D8B4DB6B7F4BBF4D258308D');
INSERT INTO `t_brand` VALUES ('19', null, null, '优衣库', 'UNIQLO', 'Y', '', '270', '100', '10FE03A1954648BC8D2B2A6B922762DA');
INSERT INTO `t_brand` VALUES ('20', null, null, 'VERO MODA', 'VERO MODA', 'V', '', '270', '100', 'E665298B07454A0CB3AA89B1C689103A');
INSERT INTO `t_brand` VALUES ('21', null, null, '香影', 'XIANGYNG', 'X', '', '270', '100', 'CE05FCEFACF7433A88E8C83B61D60A71');
INSERT INTO `t_brand` VALUES ('22', null, null, '伊芙丽', 'Eifini', 'Y', '', '270', '100', 'B71E032A02AB4A55B0CF4C2ED5661AD6');
INSERT INTO `t_brand` VALUES ('23', null, null, '茵曼', 'INMAN', 'Y', '', '270', '100', '0999D5C5C96B4CDDAC0B1A509D1D6FCD');
INSERT INTO `t_brand` VALUES ('24', null, null, 'ZARA', 'ZARA', 'Z', '', '270', '100', 'AF8529D843E64CE0A9623F36FB0DAE3B');

-- ----------------------------
-- Table structure for t_product
-- ----------------------------
DROP TABLE IF EXISTS `t_product`;
CREATE TABLE `t_product` (
  `id` bigint(20) NOT NULL AUTO_INCREMENT,
  `createTime` bigint(20) DEFAULT NULL,
  `updateTime` bigint(20) DEFAULT NULL,
  `name` varchar(50) NOT NULL COMMENT '商品名称',
  `subName` varchar(100) DEFAULT '0' COMMENT '副名称',
  `code` char(10) DEFAULT '100' COMMENT '商品编码',
  `product_type_id` bigint(20) NOT NULL COMMENT '商品类型ID',
  `onSaleTime` bigint(20) DEFAULT NULL COMMENT '上架时间',
  `offSaleTime` bigint(20) DEFAULT NULL COMMENT '下架时间',
  `brand_id` bigint(20) DEFAULT NULL,
  `state` tinyint(4) DEFAULT '0' COMMENT '状态',
  `maxPrice` int(11) DEFAULT NULL COMMENT '最高价',
  `minPrice` int(11) DEFAULT NULL COMMENT '最低价',
  `saleCount` int(11) DEFAULT '0' COMMENT '销量',
  `viewCount` int(11) DEFAULT '0' COMMENT '浏览量',
  `commentCount` int(11) DEFAULT '0' COMMENT '评论数',
  `commentScore` int(11) DEFAULT '0' COMMENT '评分',
  `viewProperties` varchar(500) DEFAULT NULL COMMENT '显示属性摘要',
  `goodCommentCount` int(11) DEFAULT NULL,
  `commonCommentCount` int(11) DEFAULT NULL,
  `badCommentCount` int(11) DEFAULT NULL,
  PRIMARY KEY (`id`)
) ENGINE=InnoDB AUTO_INCREMENT=54 DEFAULT CHARSET=utf8 COMMENT='商品';

-- ----------------------------
-- Records of t_product
-- ----------------------------
INSERT INTO `t_product` VALUES ('4', '1491916125039', '1491916125039', 'Adata/威刚32g优盘 USB3.0 不绣钢金属 UV131车载防水U盘 32G正品', 'USB3.0 金属外观 传输速度快', '0509531191', '254', null, null, '6', '1', '180100', '111', '0', '0', '0', '0', '2:产品名称:0:UV131车载优盘_3:接口类型:10:USB3.0_6:型号:0:UV131_7:套餐类型:0:官方_8:容量:0:32GB_9:成色:16:全新_10:是否支持防伪查询:20:是_11:售后服务:22:全国联保_12:特性:0:防水', '0', '0', '0');
INSERT INTO `t_product` VALUES ('5', '1493445063330', '1493445063330', '威刚/adata S102 pro 32g u盘 usb3.0 优盘 32gb正品', '全国五仓发货快速送达', '3471936616', '254', null, null, '6', '1', '76000', '23300', '0', '0', '0', '0', '2:产品名称:0:AData/威刚 S102(32G)_3:接口类型:10:USB3.0_7:套餐类型:0:官方标配_8:容量:0:32G_6:型号:0:S102_9:成色:16:全新_11:售后服务:22:全国联保_10:是否支持防伪查询:20:是_12:特性:0:备份', '0', '0', '0');
INSERT INTO `t_product` VALUES ('6', '1493445714312', '1493445714312', '金士顿U盘16gu盘 高速USB3.0 DT100 G3 16G U盘16g包邮送挂绳', '高速读写 滑盖设计 沉稳大气', '1088925448', '254', null, null, '5', '1', '25000', '12800', '0', '0', '0', '0', '3:接口类型:10:USB3.0_7:套餐类型:0:官方套餐_12:特性:0:存储_6:型号:0:DT100 G3 16G', '0', '0', '0');
INSERT INTO `t_product` VALUES ('7', '1493446255372', '1493446255372', '包邮金士顿32g U盘DTR30g2 usb3.0 32GB 优盘高速防水防震U盘正品', '防水防摔防尘正品行货假一罚十五年质保', '1329360260', '254', null, null, '5', '1', '36000', '20000', '0', '0', '0', '0', '3:接口类型:10:USB3.0_6:型号:0:DTR30g2_10:是否支持防伪查询:20:是_12:特性:0:防水防摔', '0', '0', '0');
INSERT INTO `t_product` VALUES ('8', '1493446740020', '1493446740020', '金士顿32g车载U盘歌曲u盘手机优盘汽车音乐u盘工体DJ视频迷你U盘', '迷你U盘 收藏宝贝送支架 送运费险', '2823618804', '254', null, null, '5', '1', '16000', '16000', '0', '0', '0', '0', '3:接口类型:10:USB3.0_7:套餐类型:0:官方套餐_9:成色:16:全新', '0', '0', '0');
INSERT INTO `t_product` VALUES ('9', '1493447228903', '1493447228903', 'SanDisk 闪迪 8G U盘 CZ50酷刃 小巧加密创意U盘 8GU盘 全国联保', '刀锋战士 精致小巧 锐气十足', '6400251432', '254', null, null, '7', '1', '13000', '6000', '0', '0', '0', '0', '3:接口类型:10:USB3.0_6:型号:0:CZ50酷刃_11:售后服务:22:全国联保_12:特性:0:便携', '0', '0', '0');
INSERT INTO `t_product` VALUES ('10', '1493448134377', '1493448134377', 'VeroModa绑带装饰网纱拼接修身弹力连衣裙|316361509', '前襟绑带装饰 后中隐形拉链 网纱拼接袖 七分袖', '4717239040', '270', null, null, '20', '1', '27400', '27400', '0', '0', '0', '0', '13:材质成分:0:粘胶纤维(粘纤)70.7% 其他20.3%_14:货号:0:316361509_15:风格:0:通勤_16:组合形式:25:单件_17:裙长:29:中长裙_18:款式:0:通勤_20:领型:35:圆领_19:袖长:32:中_21:袖型:0:其它_22:腰型:41:中_23:衣门襟:44:拉链_24:裙型:48:直身裙_25:流行元素/工艺:0:纯色_26:适用年龄:53:18~35_27:年份季节:0:2017春夏', '0', '0', '0');
INSERT INTO `t_product` VALUES ('11', '1493448608976', '1493448608976', 'VeroModaA摆针织下摆夏季连衣裙316161011', '蕾丝七分袖 一字领 侧拉链 侧兜', '0265196540', '270', null, null, '20', '1', '30000', '30000', '0', '0', '0', '0', '13:材质成分:0:聚酰胺纤维(锦纶)93.9%_14:货号:0:316161011_15:风格:0:通勤', '0', '0', '0');
INSERT INTO `t_product` VALUES ('12', '1493448946109', '1493448946109', 'ONLY2017春季新品纯棉立体图案荷叶袖宽松连衣裙女E|117261537', '双层荷叶袖设计 7天降退差价', '3189435372', '270', null, null, '17', '1', '34900', '34900', '0', '0', '0', '0', '16:组合形式:25:单件', '0', '0', '0');
INSERT INTO `t_product` VALUES ('13', '1493449153345', '1493449153345', '[满500减50]ONLY2017春季新品吊带抽褶荷叶袖连衣裙女T|117207554', '吊带抽褶 荷叶袖设计 7天降退差价', '2216455659', '270', null, null, '17', '1', '39900', '39900', '0', '0', '0', '0', '16:组合形式:26:套装', '0', '0', '0');
INSERT INTO `t_product` VALUES ('14', '1493449458318', '1493449458318', 'ONLY2017春季新品纯棉毛边大口袋背带牛仔连衣裙女E|117242501', '毛边徽章装饰 可调节背带 7天降退差价', '1147219962', '270', null, null, '17', '1', '49900', '49900', '0', '0', '0', '0', '16:组合形式:25:单件', '0', '0', '0');
INSERT INTO `t_product` VALUES ('15', '1493449711144', '1493449711144', 'ONLY早夏新品宽松风琴百褶七分袖连衣裙女E|116307505', '16早秋新品 风琴百褶 七分袖 7天降退差价', '2887868356', '270', null, null, '17', '1', '29900', '29900', '0', '0', '0', '0', '16:组合形式:26:套装', '0', '0', '0');
INSERT INTO `t_product` VALUES ('16', '1493450155274', '1493450155274', '韩都衣舍2017夏装夏季短袖连衣裙两件套纯色女装圆领中裙韩版新款', '五一大促 全场3免1 与优惠劵同用', '2515919162', '270', null, null, '14', '1', '14200', '14200', '0', '0', '0', '0', '16:组合形式:26:套装', '0', '0', '0');
INSERT INTO `t_product` VALUES ('17', '1493450397298', '1493450397298', '韩都衣舍2017韩版女装春装新款立领拼接条纹连衣裙PC5441晽', '甜美花边立领 气质喇叭袖口 拼接混色条纹', '6071573190', '270', null, null, '14', '1', '15200', '15200', '0', '0', '0', '0', '16:组合形式:26:套装', '0', '0', '0');
INSERT INTO `t_product` VALUES ('18', '1493450743182', '1493450743182', '韩都衣舍2017韩版女装春装新假两件长袖连衣裙MM5614悜', '韩版宽松 时尚印花 做工精细 面料舒适', '0481956875', '270', null, null, '14', '1', '7800', '7800', '0', '0', '0', '0', '16:组合形式:26:套装', '0', '0', '0');
INSERT INTO `t_product` VALUES ('19', '1493451008400', '1493451008400', '韩都衣舍2017韩版女装夏新款套装裙长裙吊带两件套连衣裙CQ6249莀', '宽松版型 两件套 舒适面料 百搭显瘦', '0200165175', '270', null, null, '14', '1', '15800', '15800', '0', '0', '0', '0', '16:组合形式:25:单件', '0', '0', '0');
INSERT INTO `t_product` VALUES ('20', '1493451385204', '1493451385204', '韩都衣舍2017韩版女装夏装新款印花直筒五分袖露肩连衣裙JT5786娮', '露肩设计 简约圆领 直筒显瘦版型', '0710738010', '270', null, null, '14', '1', '13600', '13600', '0', '0', '0', '0', '16:组合形式:25:单件', '0', '0', '0');
INSERT INTO `t_product` VALUES ('21', '1493451501732', '1493451501732', '韩都衣舍2017韩版女装夏装新款镂空短袖吊带一字肩连衣裙IG7099僥', '宽松显瘦 纯色黄色 面料舒适 一字肩设计', '1336844668', '270', null, null, '14', '1', '16800', '16800', '0', '0', '0', '0', '16:组合形式:26:套装', '0', '0', '0');
INSERT INTO `t_product` VALUES ('22', '1493452767534', '1493452767534', '拉夏贝尔2017春装新款 条纹提花直筒裙七分袖圆领连衣裙10012598', '2017新品', '1216916584', '270', null, null, '15', '1', '15900', '15900', '0', '0', '0', '0', '17:裙长:29:中长裙_16:组合形式:25:单件', '0', '0', '0');
INSERT INTO `t_product` VALUES ('23', '1493453039051', '1493453039051', '拉夏贝尔2017夏季新款条纹短袖裙子圆领直筒短裙连衣裙女1T000152', '2017春夏新品', '1231208100', '270', null, null, '15', '1', '16900', '16900', '0', '0', '0', '0', '16:组合形式:26:套装', '0', '0', '0');
INSERT INTO `t_product` VALUES ('24', '1493453284085', '1493453284085', '伊芙丽新款春夏撞色条纹衬衫连衣裙系带纯棉高腰中裙A字裙子女', '棉100% 连肩袖 精致翻领 时尚系带', '3791798480', '270', null, null, '22', '1', '39900', '39900', '0', '0', '0', '0', '16:组合形式:25:单件', '0', '0', '0');
INSERT INTO `t_product` VALUES ('25', '1493453511535', '1493453511535', 'ZARA 女装 拉链连衣裙 01639051401', '圆领和长袖拉 链连衣裙', '1772784135', '270', null, null, '24', '1', '29900', '29900', '0', '0', '0', '0', '16:组合形式:26:套装', '0', '0', '0');
INSERT INTO `t_product` VALUES ('26', '1493453749453', '1493453749453', '丹慕妮尔2017春装新款七分袖奢华绣花连衣裙花色网纱A字裙5615A', '2.27 春装新品 衣橱清单 领券立减', '1164997790', '270', null, null, '10', '1', '35800', '35800', '0', '0', '0', '0', '16:组合形式:25:单件', '0', '0', '0');
INSERT INTO `t_product` VALUES ('27', '1493453976317', '1493453976317', '茵曼旗舰店2016夏款新款七分袖高腰因曼女装裙子中长款连衣裙女', '', '4989195036', '270', null, null, '23', '1', '17900', '17900', '0', '0', '0', '0', '16:组合形式:26:套装', '0', '0', '0');
INSERT INTO `t_product` VALUES ('28', '1493454176361', '1493454176361', '茵曼女装 春秋装新款文艺格子拼接长袖连衣裙女中长款 配流苏围巾', '', '8022894125', '270', null, null, '23', '1', '39900', '39900', '0', '0', '0', '0', '16:组合形式:26:套装', '0', '0', '0');
INSERT INTO `t_product` VALUES ('29', '1493454375768', '1493454375768', '哥弟女装2017春季新款V领无袖连衣裙8500007', '', '7549946734', '270', null, null, '12', '1', '49900', '49900', '0', '0', '0', '0', '16:组合形式:25:单件', '0', '0', '0');
INSERT INTO `t_product` VALUES ('30', '1493454624309', '1493454624309', '哥弟女装高腰短袖修身后背拉链连衣裙590067', '', '0871045305', '270', null, null, '12', '1', '55900', '55900', '0', '0', '0', '0', '16:组合形式:25:单件', '0', '0', '0');
INSERT INTO `t_product` VALUES ('31', '1493454829571', '1493454829571', 'Five Plus2017新品女夏装棉质纯色拼接圆领短袖连衣裙2JM2080240', '', '1558600064', '270', null, null, '11', '1', '69900', '69900', '0', '0', '0', '0', '16:组合形式:26:套装', '0', '0', '0');
INSERT INTO `t_product` VALUES ('32', '1493455048580', '1493455048580', 'Five Plus2017新品女春装棉质荷叶边徽章背带裙连衣裙2JM1081250', '5月3日10点开抢活动价384专区包邮', '5895120770', '270', null, null, '11', '1', '38400', '38400', '0', '0', '0', '0', '16:组合形式:25:单件', '0', '0', '0');
INSERT INTO `t_product` VALUES ('33', '1493455251929', '1493455251929', 'Five Plus新女春装纯棉条纹绣花露肩宽松短袖连衣裙2HL1083080', '', '4360192775', '270', null, null, '11', '1', '55600', '55600', '0', '0', '0', '0', '16:组合形式:25:单件', '0', '0', '0');
INSERT INTO `t_product` VALUES ('34', '1493455452405', '1493455452405', '女装 提花A字型连衣裙(短袖) 181877 优衣库UNIQLO', '初上市价格199元', '5987144572', '270', null, null, '19', '1', '19900', '19900', '0', '0', '0', '0', '16:组合形式:26:套装', '0', '0', '0');
INSERT INTO `t_product` VALUES ('35', '1493455747957', '1493455747957', '诗绪连衣裙夏装2017新款女时尚真丝印花不规则宽松裙子女夏0479', '', '1991951949', '270', null, null, '18', '1', '120000', '120000', '0', '0', '0', '0', '16:组合形式:25:单件', '0', '0', '0');
INSERT INTO `t_product` VALUES ('36', '1493456193187', '1493456193187', 'EP 雅莹2017春季新品商场同款花朵立体蕾丝中袖收腰连衣裙女4431a', '经典X型款式 浪漫蕾丝花朵 优雅透薄质感', '2848598346', '270', null, null, '25', '1', '197900', '197900', '0', '0', '0', '0', '16:组合形式:25:单件', '0', '0', '0');
INSERT INTO `t_product` VALUES ('37', '1493456394537', '1493456394537', 'EP 雅莹2017春新款专柜气质时尚简约显瘦条纹直身圆领连衣裙4129a', '简约H版型 显瘦条纹图案 性感颈部圆领', '5747803873', '270', null, null, '25', '1', '80900', '80900', '0', '0', '0', '0', '16:组合形式:25:单件', '0', '0', '0');
INSERT INTO `t_product` VALUES ('38', '1493456608621', '1493456608621', '海青蓝2017春装新款时尚条纹A字裙通勤绣花九分袖收腰连衣裙8220', '时尚条纹设计 绣花工艺 贴身口袋', '2143903279', '270', null, null, '13', '1', '36800', '35800', '0', '0', '0', '0', '16:组合形式:25:单件', '0', '0', '0');
INSERT INTO `t_product` VALUES ('39', '1493456840819', '1493456840819', '海青蓝2017春装新款纯色钉珠通勤修身一步裙七分袖优雅连衣裙0010', '时尚简约 钉珠设计 气质通勤 欧美潮流', '1714901643', '270', null, null, '13', '1', '33800', '33800', '0', '0', '0', '0', '16:组合形式:25:单件', '0', '0', '0');
INSERT INTO `t_product` VALUES ('40', '1493457126290', '1493457126290', 'MO&Co.性感露背U领荷叶边切口喇叭袖直筒连衣裙MA172DRS213 moco', '满599包邮 舒适直筒版型 荷叶边切口袖', '1719292960', '270', null, null, '16', '1', '119900', '119900', '0', '0', '0', '0', '16:组合形式:26:套装', '0', '0', '0');
INSERT INTO `t_product` VALUES ('41', '1493457335094', '1493457335094', '蕾丝连衣裙 香影2017夏新款小清新镂空收腰裙子女荷叶袖韩版修身', '', '2420744436', '270', null, null, '21', '1', '26800', '26800', '0', '0', '0', '0', '16:组合形式:26:套装', '0', '0', '0');
INSERT INTO `t_product` VALUES ('42', '1493457584736', '1493457584736', '无袖连衣裙 香影2017夏装新款时尚收腰雪纺淑女裙中长款潮民族风', '', '1047421184', '270', null, null, '21', '1', '28800', '28800', '0', '0', '0', '0', '16:组合形式:25:单件', '0', '0', '0');
INSERT INTO `t_product` VALUES ('43', '1493458167490', '1493458167490', '春夏装新款名媛风性感紧身显瘦开叉包臀长裙麂皮绒吊带连衣裙', '麂皮绒吊带连衣裙长裙', '0579504674', '270', null, null, '26', '1', '13900', '13900', '0', '0', '0', '0', '16:组合形式:25:单件', '0', '0', '0');
INSERT INTO `t_product` VALUES ('44', '1493458386480', '1493458386480', '名媛气质紧身连衣裙子女夏季2017新款韩版时尚显瘦夜店性感女装春', '', '2392651184', '270', null, null, '26', '1', '20500', '18800', '0', '0', '0', '0', '16:组合形式:26:套装', '0', '0', '0');
INSERT INTO `t_product` VALUES ('45', '1493458620638', '1493458620638', '2017春新款韩版修身女装包臀短裙性感中袖紧身打底连衣裙', '', '4891662981', '270', null, null, '26', '1', '15900', '15900', '0', '0', '0', '0', '16:组合形式:25:单件', '0', '0', '0');
INSERT INTO `t_product` VALUES ('46', '1493458888715', '1493458888715', '性感低胸连衣裙2017春装新款修身长袖拼接网纱透视包臀女装潮', '', '1348929400', '270', null, null, '26', '1', '6900', '6900', '0', '0', '0', '0', '16:组合形式:25:单件', '0', '0', '0');
INSERT INTO `t_product` VALUES ('47', '1493459153509', '1493459153509', '2017夏季新款性感紧身低胸短袖包臀裙修身中长款连衣裙女装潮', '前后U领 性感低胸 包臀性感 不起球', '1400029645', '270', null, null, '26', '1', '4900', '4900', '0', '0', '0', '0', '16:组合形式:25:单件', '0', '0', '0');
INSERT INTO `t_product` VALUES ('48', '1493459519054', '1493459519054', '2017秋冬新款性感紧身包臀裙短裙秋装蕾丝V领修身打底连衣裙', '', '6609124942', '270', null, null, '26', '1', '8800', '8800', '0', '0', '0', '0', '16:组合形式:26:套装', '0', '0', '0');
INSERT INTO `t_product` VALUES ('49', '1493459838254', '1493459838254', '2017夏季夏天女装性感露胸紧身包臀超短连衣裙修身显瘦一步裙', '紧身露胸', '0116587224', '270', null, null, '26', '1', '5800', '5800', '0', '0', '0', '0', '16:组合形式:26:套装', '0', '0', '0');
INSERT INTO `t_product` VALUES ('50', '1493460045596', '1493460045596', '一字领连衣裙露肩白色紧身抹胸 女夏2016新款性感打底裙', '', '1097481819', '270', null, null, '26', '1', '6500', '6500', '0', '0', '0', '0', '16:组合形式:26:套装', '0', '0', '0');
INSERT INTO `t_product` VALUES ('51', '1497051766763', '1497051766763', '测试商品', '', '0592772930', '254', null, null, '5', '1', '3300', '2200', '0', '0', '0', '0', '0:哦:0:哦哦哦哦哦_0:啊:0:啊啊啊啊啊', '0', '0', '0');
INSERT INTO `t_product` VALUES ('53', '1541648739340', '1541648739340', 'testt', 'ttt', '3636442620', '2', '1543456115046', '1541943135537', '28', '1', '1', '1', '0', '0', '0', '0', '[{\"测试1-1\":\"1\"},{\"测试2\":\"1\"}]', '0', '0', '0');

-- ----------------------------
-- Table structure for t_product_type
-- ----------------------------
DROP TABLE IF EXISTS `t_product_type`;
CREATE TABLE `t_product_type` (
  `id` bigint(20) NOT NULL AUTO_INCREMENT,
  `createTime` bigint(20) DEFAULT NULL,
  `updateTime` bigint(20) DEFAULT NULL,
  `name` varchar(50) NOT NULL DEFAULT '匿名' COMMENT '类型名',
  `pid` bigint(20) DEFAULT NULL COMMENT '父ID',
  `logo` varchar(150) DEFAULT NULL COMMENT '图标',
  `description` varchar(255) DEFAULT NULL COMMENT '描述',
  `sortIndex` int(11) DEFAULT '100',
  `path` varchar(100) DEFAULT NULL COMMENT '路径',
  `totalCount` int(20) DEFAULT '0' COMMENT '商品数量',
  `seoTitle` varchar(100) DEFAULT NULL COMMENT '分类标题（SEO）',
  `seoKeywords` varchar(500) DEFAULT NULL COMMENT '分类关键字（SEO）',
  `type_template_id` bigint(20) DEFAULT NULL,
  PRIMARY KEY (`id`)
) ENGINE=InnoDB AUTO_INCREMENT=1037 DEFAULT CHARSET=utf8 COMMENT='商品目录';

-- ----------------------------
-- Records of t_product_type
-- ----------------------------
INSERT INTO `t_product_type` VALUES ('1', null, null, '特产 / 食品 / 大大保健', '0', 'icon-shengxianshuiguo', '特产 / 食品 / 保健 ', '100', '.1.', '0', '特产 / 食品 / 保健', '特产 / 食品 / 保健', null);
INSERT INTO `t_product_type` VALUES ('2', null, null, '地方特产', '1', null, '地方特产', '100', '.1.2.', '0', '地方特产', '地方特产', '38');
INSERT INTO `t_product_type` VALUES ('3', null, null, '北京', '2', null, '北京', '100', '.1.2.3.', '0', '北京', '北京', null);
INSERT INTO `t_product_type` VALUES ('4', null, null, '上海', '2', null, '上海', '100', '.1.2.4.', '0', '上海', '上海', null);
INSERT INTO `t_product_type` VALUES ('5', null, null, '天津', '2', null, '天津', '100', '.1.2.5.', '0', '天津', '天津', null);
INSERT INTO `t_product_type` VALUES ('6', null, null, '重庆', '2', null, '重庆', '100', '.1.2.6.', '0', '重庆', '重庆', null);
INSERT INTO `t_product_type` VALUES ('7', null, null, '河北', '2', null, '河北', '100', '.1.2.7.', '0', '河北', '河北', null);
INSERT INTO `t_product_type` VALUES ('8', null, null, '山西', '2', null, '山西', '100', '.1.2.8.', '0', '山西', '山西', null);
INSERT INTO `t_product_type` VALUES ('9', null, null, '内蒙古', '2', null, '内蒙古', '100', '.1.2.9.', '0', '内蒙古', '内蒙古', null);
INSERT INTO `t_product_type` VALUES ('10', null, null, '黑龙江', '2', null, '黑龙江', '100', '.1.2.10.', '0', '黑龙江', '黑龙江', null);
INSERT INTO `t_product_type` VALUES ('11', null, null, '吉林', '2', null, '吉林', '100', '.1.2.11.', '0', '吉林', '吉林', null);
INSERT INTO `t_product_type` VALUES ('12', null, null, '辽宁', '2', null, '辽宁', '100', '.1.2.12.', '0', '辽宁', '辽宁', null);
INSERT INTO `t_product_type` VALUES ('13', null, null, '陕西', '2', null, '陕西', '100', '.1.2.13.', '0', '陕西', '陕西', null);
INSERT INTO `t_product_type` VALUES ('14', null, null, '甘肃', '2', null, '甘肃', '100', '.1.2.14.', '0', '甘肃', '甘肃', null);
INSERT INTO `t_product_type` VALUES ('15', null, null, '青海', '2', null, '青海', '100', '.1.2.15.', '0', '青海', '青海', null);
INSERT INTO `t_product_type` VALUES ('16', null, null, '山东', '2', null, '山东', '100', '.1.2.16.', '0', '山东', '山东', null);
INSERT INTO `t_product_type` VALUES ('17', null, null, '河南', '2', null, '河南', '100', '.1.2.17.', '0', '河南', '河南', null);
INSERT INTO `t_product_type` VALUES ('18', null, null, '江苏', '2', null, '江苏', '100', '.1.2.18.', '0', '江苏', '江苏', null);
INSERT INTO `t_product_type` VALUES ('19', null, null, '浙江', '2', null, '浙江', '100', '.1.2.19.', '0', '浙江', '浙江', null);
INSERT INTO `t_product_type` VALUES ('20', null, null, '安徽', '2', null, '安徽', '100', '.1.2.20.', '0', '安徽', '安徽', null);
INSERT INTO `t_product_type` VALUES ('21', null, null, '江西', '2', null, '江西', '100', '.1.2.21.', '0', '江西', '江西', null);
INSERT INTO `t_product_type` VALUES ('22', null, null, '福建', '2', null, '福建', '100', '.1.2.22.', '0', '福建', '福建', null);
INSERT INTO `t_product_type` VALUES ('23', null, null, '湖北', '2', null, '湖北', '100', '.1.2.23.', '0', '湖北', '湖北', null);
INSERT INTO `t_product_type` VALUES ('24', null, null, '湖南', '2', null, '湖南', '100', '.1.2.24.', '0', '湖南', '湖南', null);
INSERT INTO `t_product_type` VALUES ('25', null, null, '台湾', '2', null, '台湾', '100', '.1.2.25.', '0', '台湾', '台湾', null);
INSERT INTO `t_product_type` VALUES ('26', null, null, '广东', '2', null, '广东', '100', '.1.2.26.', '0', '广东', '广东', null);
INSERT INTO `t_product_type` VALUES ('27', null, null, '海南', '2', null, '海南', '100', '.1.2.27.', '0', '海南', '海南', null);
INSERT INTO `t_product_type` VALUES ('28', null, null, '四川', '2', null, '四川', '100', '.1.2.28.', '0', '四川', '四川', null);
INSERT INTO `t_product_type` VALUES ('29', null, null, '云南', '2', null, '云南', '100', '.1.2.29.', '0', '云南', '云南', null);
INSERT INTO `t_product_type` VALUES ('30', null, null, '其他', '2', null, '其他', '100', '.1.2.30.', '0', '其他', '其他', null);
INSERT INTO `t_product_type` VALUES ('31', null, null, '休闲食品', '1', null, '休闲食品', '100', '.1.31.', '0', '休闲食品', '休闲食品', null);
INSERT INTO `t_product_type` VALUES ('32', null, null, '休闲零食', '31', null, '休闲零食', '100', '.1.31.32.', '0', '休闲零食', '休闲零食', null);
INSERT INTO `t_product_type` VALUES ('33', null, null, '坚果炒货', '31', null, '坚果炒货', '100', '.1.31.33.', '0', '坚果炒货', '坚果炒货', null);
INSERT INTO `t_product_type` VALUES ('34', null, null, '肉干肉铺', '31', null, '肉干肉铺', '100', '.1.31.34.', '0', '肉干肉铺', '肉干肉铺', null);
INSERT INTO `t_product_type` VALUES ('35', null, null, '蜜饯果干', '31', null, '蜜饯果干', '100', '.1.31.35.', '0', '蜜饯果干', '蜜饯果干', null);
INSERT INTO `t_product_type` VALUES ('36', null, null, '蛋糕饼干', '31', null, '蛋糕饼干', '100', '.1.31.36.', '0', '蛋糕饼干', '蛋糕饼干', null);
INSERT INTO `t_product_type` VALUES ('37', null, null, '糖果', '31', null, '糖果', '100', '.1.31.37.', '0', '糖果', '糖果', null);
INSERT INTO `t_product_type` VALUES ('38', null, null, '卤味', '31', null, '卤味', '100', '.1.31.38.', '0', '卤味', '卤味', null);
INSERT INTO `t_product_type` VALUES ('39', null, null, '无糖食品', '31', null, '无糖食品', '100', '.1.31.39.', '0', '无糖食品', '无糖食品', null);
INSERT INTO `t_product_type` VALUES ('40', null, null, '饮料冲调', '1', null, '饮料冲调', '100', '.1.40.', '0', '饮料冲调', '饮料冲调', null);
INSERT INTO `t_product_type` VALUES ('41', null, null, '饮料', '40', null, '饮料', '100', '.1.40.41.', '0', '饮料', '饮料', null);
INSERT INTO `t_product_type` VALUES ('42', null, null, '牛奶', '40', null, '牛奶', '100', '.1.40.42.', '0', '牛奶', '牛奶', null);
INSERT INTO `t_product_type` VALUES ('43', null, null, '咖啡奶茶', '40', null, '咖啡奶茶', '100', '.1.40.43.', '0', '咖啡奶茶', '咖啡奶茶', null);
INSERT INTO `t_product_type` VALUES ('44', null, null, '蜂蜜柚子茶', '40', null, '蜂蜜柚子茶', '100', '.1.40.44.', '0', '蜂蜜柚子茶', '蜂蜜柚子茶', null);
INSERT INTO `t_product_type` VALUES ('45', null, null, '谷物', '40', null, '谷物', '100', '.1.40.45.', '0', '谷物', '谷物', null);
INSERT INTO `t_product_type` VALUES ('46', null, null, '成人奶粉', '40', null, '成人奶粉', '100', '.1.40.46.', '0', '成人奶粉', '成人奶粉', null);
INSERT INTO `t_product_type` VALUES ('47', null, null, '茗茶', '1', null, '茗茶', '100', '.1.47.', '0', '茗茶', '茗茶', null);
INSERT INTO `t_product_type` VALUES ('48', null, null, '铁观音', '47', null, '铁观音', '100', '.1.47.48.', '0', '铁观音', '铁观音', null);
INSERT INTO `t_product_type` VALUES ('49', null, null, '普洱', '47', null, '普洱', '100', '.1.47.49.', '0', '普洱', '普洱', null);
INSERT INTO `t_product_type` VALUES ('50', null, null, '龙井', '47', null, '龙井', '100', '.1.47.50.', '0', '龙井', '龙井', null);
INSERT INTO `t_product_type` VALUES ('51', null, null, '红茶', '47', null, '红茶', '100', '.1.47.51.', '0', '红茶', '红茶', null);
INSERT INTO `t_product_type` VALUES ('52', null, null, '乌龙茶', '47', null, '乌龙茶', '100', '.1.47.52.', '0', '乌龙茶', '乌龙茶', null);
INSERT INTO `t_product_type` VALUES ('53', null, null, '花草茶', '47', null, '花草茶', '100', '.1.47.53.', '0', '花草茶', '花草茶', null);
INSERT INTO `t_product_type` VALUES ('54', null, null, '花果茶', '47', null, '花果茶', '100', '.1.47.54.', '0', '花果茶', '花果茶', null);
INSERT INTO `t_product_type` VALUES ('55', null, null, '养生茶', '47', null, '养生茶', '100', '.1.47.55.', '0', '养生茶', '养生茶', null);
INSERT INTO `t_product_type` VALUES ('56', null, null, '绿茶', '47', null, '绿茶', '100', '.1.47.56.', '0', '绿茶', '绿茶', null);
INSERT INTO `t_product_type` VALUES ('57', null, null, '白茶', '47', null, '白茶', '100', '.1.47.57.', '0', '白茶', '白茶', null);
INSERT INTO `t_product_type` VALUES ('58', null, null, '黑茶', '47', null, '黑茶', '100', '.1.47.58.', '0', '黑茶', '黑茶', null);
INSERT INTO `t_product_type` VALUES ('59', null, null, '其他茶', '47', null, '其他茶', '100', '.1.47.59.', '0', '其他茶', '其他茶', null);
INSERT INTO `t_product_type` VALUES ('60', null, null, '粮油调味', '1', null, '粮油调味', '100', '.1.60.', '0', '粮油调味', '粮油调味', null);
INSERT INTO `t_product_type` VALUES ('61', null, null, '米面杂粮', '60', null, '米面杂粮', '100', '.1.60.61.', '0', '米面杂粮', '米面杂粮', null);
INSERT INTO `t_product_type` VALUES ('62', null, null, '食用油', '60', null, '食用油', '100', '.1.60.62.', '0', '食用油', '食用油', null);
INSERT INTO `t_product_type` VALUES ('63', null, null, '调味品', '60', null, '调味品', '100', '.1.60.63.', '0', '调味品', '调味品', null);
INSERT INTO `t_product_type` VALUES ('64', null, null, '南北干货', '60', null, '南北干货', '100', '.1.60.64.', '0', '南北干货', '南北干货', null);
INSERT INTO `t_product_type` VALUES ('65', null, null, '方便食品', '60', null, '方便食品', '100', '.1.60.65.', '0', '方便食品', '方便食品', null);
INSERT INTO `t_product_type` VALUES ('66', null, null, '有机食品', '60', null, '有机食品', '100', '.1.60.66.', '0', '有机食品', '有机食品', null);
INSERT INTO `t_product_type` VALUES ('67', null, null, '生鲜食品', '1', null, '生鲜食品', '100', '.1.67.', '0', '生鲜食品', '生鲜食品', null);
INSERT INTO `t_product_type` VALUES ('68', null, null, '水果蔬菜', '67', null, '水果蔬菜', '100', '.1.67.68.', '0', '水果蔬菜', '水果蔬菜', null);
INSERT INTO `t_product_type` VALUES ('69', null, null, '海鲜水产', '67', null, '海鲜水产', '100', '.1.67.69.', '0', '海鲜水产', '海鲜水产', null);
INSERT INTO `t_product_type` VALUES ('70', null, null, '牛排', '67', null, '牛排', '100', '.1.67.70.', '0', '牛排', '牛排', null);
INSERT INTO `t_product_type` VALUES ('71', null, null, '肉禽蛋奶', '67', null, '肉禽蛋奶', '100', '.1.67.71.', '0', '肉禽蛋奶', '肉禽蛋奶', null);
INSERT INTO `t_product_type` VALUES ('72', null, null, '环球美食', '67', null, '环球美食', '100', '.1.67.72.', '0', '环球美食', '环球美食', null);
INSERT INTO `t_product_type` VALUES ('73', null, null, '产地直供', '67', null, '产地直供', '100', '.1.67.73.', '0', '产地直供', '产地直供', null);
INSERT INTO `t_product_type` VALUES ('74', null, null, '中外名酒', '1', null, '中外名酒', '100', '.1.74.', '0', '中外名酒', '中外名酒', null);
INSERT INTO `t_product_type` VALUES ('75', null, null, '白酒', '74', null, '白酒', '100', '.1.74.75.', '0', '白酒', '白酒', null);
INSERT INTO `t_product_type` VALUES ('76', null, null, '葡萄酒', '74', null, '葡萄酒', '100', '.1.74.76.', '0', '葡萄酒', '葡萄酒', null);
INSERT INTO `t_product_type` VALUES ('77', null, null, '啤酒', '74', null, '啤酒', '100', '.1.74.77.', '0', '啤酒', '啤酒', null);
INSERT INTO `t_product_type` VALUES ('78', null, null, '洋酒', '74', null, '洋酒', '100', '.1.74.78.', '0', '洋酒', '洋酒', null);
INSERT INTO `t_product_type` VALUES ('79', null, null, '红酒', '74', null, '红酒', '100', '.1.74.79.', '0', '红酒', '红酒', null);
INSERT INTO `t_product_type` VALUES ('80', null, null, '养生酒', '74', null, '养生酒', '100', '.1.74.80.', '0', '养生酒', '养生酒', null);
INSERT INTO `t_product_type` VALUES ('81', null, null, '营养健康', '1', null, '营养健康', '100', '.1.81.', '0', '营养健康', '营养健康', null);
INSERT INTO `t_product_type` VALUES ('82', null, null, '调节免疫', '81', null, '调节免疫', '100', '.1.81.82.', '0', '调节免疫', '调节免疫', null);
INSERT INTO `t_product_type` VALUES ('83', null, null, '缓解疲劳', '81', null, '缓解疲劳', '100', '.1.81.83.', '0', '缓解疲劳', '缓解疲劳', null);
INSERT INTO `t_product_type` VALUES ('84', null, null, '调节三高', '81', null, '调节三高', '100', '.1.81.84.', '0', '调节三高', '调节三高', null);
INSERT INTO `t_product_type` VALUES ('85', null, null, '美容美颜', '81', null, '美容美颜', '100', '.1.81.85.', '0', '美容美颜', '美容美颜', null);
INSERT INTO `t_product_type` VALUES ('86', null, null, '肝肾养护', '81', null, '肝肾养护', '100', '.1.81.86.', '0', '肝肾养护', '肝肾养护', null);
INSERT INTO `t_product_type` VALUES ('87', null, null, '肠胃养护', '81', null, '肠胃养护', '100', '.1.81.87.', '0', '肠胃养护', '肠胃养护', null);
INSERT INTO `t_product_type` VALUES ('88', null, null, '明目益智', '81', null, '明目益智', '100', '.1.81.88.', '0', '明目益智', '明目益智', null);
INSERT INTO `t_product_type` VALUES ('89', null, null, '改善睡眠', '81', null, '改善睡眠', '100', '.1.81.89.', '0', '改善睡眠', '改善睡眠', null);
INSERT INTO `t_product_type` VALUES ('90', null, null, '抗氧化', '81', null, '抗氧化', '100', '.1.81.90.', '0', '抗氧化', '抗氧化', null);
INSERT INTO `t_product_type` VALUES ('91', null, null, '耐缺氧', '81', null, '耐缺氧', '100', '.1.81.91.', '0', '耐缺氧', '耐缺氧', null);
INSERT INTO `t_product_type` VALUES ('92', null, null, '清咽利喉', '81', null, '清咽利喉', '100', '.1.81.92.', '0', '清咽利喉', '清咽利喉', null);
INSERT INTO `t_product_type` VALUES ('93', null, null, '护理护具', '1', null, '护理护具', '100', '.1.93.', '0', '护理护具', '护理护具', null);
INSERT INTO `t_product_type` VALUES ('94', null, null, '铁打损伤', '93', null, '铁打损伤', '100', '.1.93.94.', '0', '铁打损伤', '铁打损伤', null);
INSERT INTO `t_product_type` VALUES ('95', null, null, '暖贴', '93', null, '暖贴', '100', '.1.93.95.', '0', '暖贴', '暖贴', null);
INSERT INTO `t_product_type` VALUES ('96', null, null, '鼻喉护理', '93', null, '鼻喉护理', '100', '.1.93.96.', '0', '鼻喉护理', '鼻喉护理', null);
INSERT INTO `t_product_type` VALUES ('97', null, null, '美体护理', '93', null, '美体护理', '100', '.1.93.97.', '0', '美体护理', '美体护理', null);
INSERT INTO `t_product_type` VALUES ('98', null, null, '口罩', '93', null, '口罩', '100', '.1.93.98.', '0', '口罩', '口罩', null);
INSERT INTO `t_product_type` VALUES ('99', null, null, '眼罩/耳塞', '93', null, '眼罩/耳塞', '100', '.1.93.99.', '0', '眼罩/耳塞', '眼罩/耳塞', null);
INSERT INTO `t_product_type` VALUES ('100', null, null, '家电 / 电器 / 五金', '0', 'icon-bingxiang', '大家电 / 小家电', '100', '.100.', '0', '大家电 / 小家电', '大家电 / 小家电', null);
INSERT INTO `t_product_type` VALUES ('101', null, null, '大家电', '100', null, '大家电', '100', '.100.101.', '0', '大家电', '大家电', null);
INSERT INTO `t_product_type` VALUES ('102', null, null, '平板电视', '101', null, '平板电视', '100', '.100.101.102.', '0', '平板电视', '平板电视', null);
INSERT INTO `t_product_type` VALUES ('103', null, null, '空调', '101', null, '空调', '100', '.100.101.103.', '0', '空调', '空调', null);
INSERT INTO `t_product_type` VALUES ('104', null, null, '冰箱', '101', null, '冰箱', '100', '.100.101.104.', '0', '冰箱', '冰箱', null);
INSERT INTO `t_product_type` VALUES ('105', null, null, '洗衣机', '101', null, '洗衣机', '100', '.100.101.105.', '0', '洗衣机', '洗衣机', null);
INSERT INTO `t_product_type` VALUES ('106', null, null, '家庭影院', '101', null, '家庭影院', '100', '.100.101.106.', '0', '家庭影院', '家庭影院', null);
INSERT INTO `t_product_type` VALUES ('107', null, null, 'DVD', '101', null, 'DVD', '100', '.100.101.107.', '0', 'DVD', 'DVD', null);
INSERT INTO `t_product_type` VALUES ('108', null, null, '迷你音响', '101', null, '迷你音响', '100', '.100.101.108.', '0', '迷你音响', '迷你音响', null);
INSERT INTO `t_product_type` VALUES ('109', null, null, '烟机/灶具', '101', null, '烟机/灶具', '100', '.100.101.109.', '0', '烟机/灶具', '烟机/灶具', null);
INSERT INTO `t_product_type` VALUES ('110', null, null, '热水器', '101', null, '热水器', '100', '.100.101.110.', '0', '热水器', '热水器', null);
INSERT INTO `t_product_type` VALUES ('111', null, null, '消毒柜/洗碗机', '101', null, '消毒柜/洗碗机', '100', '.100.101.111.', '0', '消毒柜/洗碗机', '消毒柜/洗碗机', null);
INSERT INTO `t_product_type` VALUES ('112', null, null, '酒柜', '101', null, '酒柜', '100', '.100.101.112.', '0', '酒柜', '酒柜', null);
INSERT INTO `t_product_type` VALUES ('113', null, null, '家电配件', '101', null, '家电配件', '100', '.100.101.113.', '0', '家电配件', '家电配件', null);
INSERT INTO `t_product_type` VALUES ('114', null, null, '生活电器', '100', null, '生活电器', '100', '.100.114.', '0', '生活电器', '生活电器', null);
INSERT INTO `t_product_type` VALUES ('115', null, null, '净化器', '114', null, '净化器', '100', '.100.114.115.', '0', '净化器', '净化器', null);
INSERT INTO `t_product_type` VALUES ('116', null, null, '取暖电器', '114', null, '取暖电器', '100', '.100.114.116.', '0', '取暖电器', '取暖电器', null);
INSERT INTO `t_product_type` VALUES ('117', null, null, '吸尘器', '114', null, '吸尘器', '100', '.100.114.117.', '0', '吸尘器', '吸尘器', null);
INSERT INTO `t_product_type` VALUES ('118', null, null, '加湿器', '114', null, '加湿器', '100', '.100.114.118.', '0', '加湿器', '加湿器', null);
INSERT INTO `t_product_type` VALUES ('119', null, null, '挂烫机/熨斗', '114', null, '挂烫机/熨斗', '100', '.100.114.119.', '0', '挂烫机/熨斗', '挂烫机/熨斗', null);
INSERT INTO `t_product_type` VALUES ('120', null, null, '电风扇', '114', null, '电风扇', '100', '.100.114.120.', '0', '电风扇', '电风扇', null);
INSERT INTO `t_product_type` VALUES ('121', null, null, '插座', '114', null, '插座', '100', '.100.114.121.', '0', '插座', '插座', null);
INSERT INTO `t_product_type` VALUES ('122', null, null, '净水器', '114', null, '净水器', '100', '.100.114.122.', '0', '净水器', '净水器', null);
INSERT INTO `t_product_type` VALUES ('123', null, null, '饮水机', '114', null, '饮水机', '100', '.100.114.123.', '0', '饮水机', '饮水机', null);
INSERT INTO `t_product_type` VALUES ('124', null, null, '除湿/干衣机', '114', null, '除湿/干衣机', '100', '.100.114.124.', '0', '除湿/干衣机', '除湿/干衣机', null);
INSERT INTO `t_product_type` VALUES ('125', null, null, '其他生活电器', '114', null, '其他生活电器', '100', '.100.114.125.', '0', '其他生活电器', '其他生活电器', null);
INSERT INTO `t_product_type` VALUES ('126', null, null, '生活电器配件', '114', null, '生活电器配件', '100', '.100.114.126.', '0', '生活电器配件', '生活电器配件', null);
INSERT INTO `t_product_type` VALUES ('127', null, null, '厨房电器', '100', null, '厨房电器', '100', '.100.127.', '0', '厨房电器', '厨房电器', null);
INSERT INTO `t_product_type` VALUES ('128', null, null, '电饭煲', '127', null, '电饭煲', '100', '.100.127.128.', '0', '电饭煲', '电饭煲', null);
INSERT INTO `t_product_type` VALUES ('129', null, null, '电压力锅', '127', null, '电压力锅', '100', '.100.127.129.', '0', '电压力锅', '电压力锅', null);
INSERT INTO `t_product_type` VALUES ('130', null, null, '豆浆机', '127', null, '豆浆机', '100', '.100.127.130.', '0', '豆浆机', '豆浆机', null);
INSERT INTO `t_product_type` VALUES ('131', null, null, '咖啡机', '127', null, '咖啡机', '100', '.100.127.131.', '0', '咖啡机', '咖啡机', null);
INSERT INTO `t_product_type` VALUES ('132', null, null, '电烤箱', '127', null, '电烤箱', '100', '.100.127.132.', '0', '电烤箱', '电烤箱', null);
INSERT INTO `t_product_type` VALUES ('133', null, null, '面包机', '127', null, '面包机', '100', '.100.127.133.', '0', '面包机', '面包机', null);
INSERT INTO `t_product_type` VALUES ('134', null, null, '微波炉', '127', null, '微波炉', '100', '.100.127.134.', '0', '微波炉', '微波炉', null);
INSERT INTO `t_product_type` VALUES ('135', null, null, '料理/榨汁机', '127', null, '料理/榨汁机', '100', '.100.127.135.', '0', '料理/榨汁机', '料理/榨汁机', null);
INSERT INTO `t_product_type` VALUES ('136', null, null, '电饼档/烧烤盘', '127', null, '电饼档/烧烤盘', '100', '.100.127.136.', '0', '电饼档/烧烤盘', '电饼档/烧烤盘', null);
INSERT INTO `t_product_type` VALUES ('137', null, null, '煮蛋器', '127', null, '煮蛋器', '100', '.100.127.137.', '0', '煮蛋器', '煮蛋器', null);
INSERT INTO `t_product_type` VALUES ('138', null, null, '酸奶机', '127', null, '酸奶机', '100', '.100.127.138.', '0', '酸奶机', '酸奶机', null);
INSERT INTO `t_product_type` VALUES ('139', null, null, '电热水壶/热水瓶', '127', null, '电热水壶/热水瓶', '100', '.100.127.139.', '0', '电热水壶/热水瓶', '电热水壶/热水瓶', null);
INSERT INTO `t_product_type` VALUES ('140', null, null, '电炖锅', '127', null, '电炖锅', '100', '.100.127.140.', '0', '电炖锅', '电炖锅', null);
INSERT INTO `t_product_type` VALUES ('141', null, null, '多用途锅', '127', null, '多用途锅', '100', '.100.127.141.', '0', '多用途锅', '多用途锅', null);
INSERT INTO `t_product_type` VALUES ('142', null, null, '养生壶/煎药壶', '127', null, '养生壶/煎药壶', '100', '.100.127.142.', '0', '养生壶/煎药壶', '养生壶/煎药壶', null);
INSERT INTO `t_product_type` VALUES ('143', null, null, '电热饭盒', '127', null, '电热饭盒', '100', '.100.127.143.', '0', '电热饭盒', '电热饭盒', null);
INSERT INTO `t_product_type` VALUES ('144', null, null, '冰淇淋机', '127', null, '冰淇淋机', '100', '.100.127.144.', '0', '冰淇淋机', '冰淇淋机', null);
INSERT INTO `t_product_type` VALUES ('145', null, null, '其他', '127', null, '其他', '100', '.100.127.145.', '0', '其他', '其他', null);
INSERT INTO `t_product_type` VALUES ('146', null, null, '五金家装', '100', null, '五金家装', '100', '.100.146.', '0', '五金家装', '五金家装', null);
INSERT INTO `t_product_type` VALUES ('147', null, null, '电动工具', '146', null, '电动工具', '100', '.100.146.147.', '0', '电动工具', '电动工具', null);
INSERT INTO `t_product_type` VALUES ('148', null, null, '手动工具', '146', null, '手动工具', '100', '.100.146.148.', '0', '手动工具', '手动工具', null);
INSERT INTO `t_product_type` VALUES ('149', null, null, '仪器仪表', '146', null, '仪器仪表', '100', '.100.146.149.', '0', '仪器仪表', '仪器仪表', null);
INSERT INTO `t_product_type` VALUES ('150', null, null, '浴霸/排气扇', '146', null, '浴霸/排气扇', '100', '.100.146.150.', '0', '浴霸/排气扇', '浴霸/排气扇', null);
INSERT INTO `t_product_type` VALUES ('151', null, null, '洁身器', '146', null, '洁身器', '100', '.100.146.151.', '0', '洁身器', '洁身器', null);
INSERT INTO `t_product_type` VALUES ('152', null, null, '水槽', '146', null, '水槽', '100', '.100.146.152.', '0', '水槽', '水槽', null);
INSERT INTO `t_product_type` VALUES ('153', null, null, '水龙头', '146', null, '水龙头', '100', '.100.146.153.', '0', '水龙头', '水龙头', null);
INSERT INTO `t_product_type` VALUES ('154', null, null, '淋浴花洒', '146', null, '淋浴花洒', '100', '.100.146.154.', '0', '淋浴花洒', '淋浴花洒', null);
INSERT INTO `t_product_type` VALUES ('155', null, null, '厨卫五金', '146', null, '厨卫五金', '100', '.100.146.155.', '0', '厨卫五金', '厨卫五金', null);
INSERT INTO `t_product_type` VALUES ('156', null, null, '家具五金', '146', null, '家具五金', '100', '.100.146.156.', '0', '家具五金', '家具五金', null);
INSERT INTO `t_product_type` VALUES ('157', null, null, '门铃', '146', null, '门铃', '100', '.100.146.157.', '0', '门铃', '门铃', null);
INSERT INTO `t_product_type` VALUES ('158', null, null, '电气开关', '146', null, '电气开关', '100', '.100.146.158.', '0', '电气开关', '电气开关', null);
INSERT INTO `t_product_type` VALUES ('159', null, null, '插座', '146', null, '插座', '100', '.100.146.159.', '0', '插座', '插座', null);
INSERT INTO `t_product_type` VALUES ('160', null, null, '电工电料', '146', null, '电工电料', '100', '.100.146.160.', '0', '电工电料', '电工电料', null);
INSERT INTO `t_product_type` VALUES ('161', null, null, '监控安防', '146', null, '监控安防', '100', '.100.146.161.', '0', '监控安防', '监控安防', null);
INSERT INTO `t_product_type` VALUES ('162', null, null, '电线/线缆', '146', null, '电线/线缆', '100', '.100.146.162.', '0', '电线/线缆', '电线/线缆', null);
INSERT INTO `t_product_type` VALUES ('163', null, null, '电脑 / 手机 / 数码', '0', 'icon-shouji', '电脑 / 手机 / 数码', '100', '.163.', '0', '电脑 / 手机 / 数码', '电脑 / 手机 / 数码', null);
INSERT INTO `t_product_type` VALUES ('164', null, null, '网络设备', '163', null, '网络设备', '100', '.163.164.', '0', '网络设备', '网络设备', null);
INSERT INTO `t_product_type` VALUES ('165', null, null, '路由器', '164', null, '路由器', '100', '.163.164.165.', '0', '路由器', '路由器', null);
INSERT INTO `t_product_type` VALUES ('166', null, null, '网卡', '164', null, '网卡', '100', '.163.164.166.', '0', '网卡', '网卡', null);
INSERT INTO `t_product_type` VALUES ('167', null, null, '交换机', '164', null, '交换机', '100', '.163.164.167.', '0', '交换机', '交换机', null);
INSERT INTO `t_product_type` VALUES ('168', null, null, '网络储存', '164', null, '网络储存', '100', '.163.164.168.', '0', '网络储存', '网络储存', null);
INSERT INTO `t_product_type` VALUES ('169', null, null, '4G/3G上网', '164', null, '4G/3G上网', '100', '.163.164.169.', '0', '4G/3G上网', '4G/3G上网', null);
INSERT INTO `t_product_type` VALUES ('170', null, null, '网络盒子', '164', null, '网络盒子', '100', '.163.164.170.', '0', '网络盒子', '网络盒子', null);
INSERT INTO `t_product_type` VALUES ('171', null, null, '网络配件', '164', null, '网络配件', '100', '.163.164.171.', '0', '网络配件', '网络配件', null);
INSERT INTO `t_product_type` VALUES ('172', null, null, '电脑整机', '163', null, '电脑整机', '100', '.163.172.', '0', '电脑整机', '电脑整机', null);
INSERT INTO `t_product_type` VALUES ('173', null, null, '笔记本', '172', null, '笔记本', '100', '.163.172.173.', '0', '笔记本', '笔记本', null);
INSERT INTO `t_product_type` VALUES ('174', null, null, '超极本', '172', null, '超极本', '100', '.163.172.174.', '0', '超极本', '超极本', null);
INSERT INTO `t_product_type` VALUES ('175', null, null, '游戏本', '172', null, '游戏本', '100', '.163.172.175.', '0', '游戏本', '游戏本', null);
INSERT INTO `t_product_type` VALUES ('176', null, null, '平板电脑', '172', null, '平板电脑', '100', '.163.172.176.', '0', '平板电脑', '平板电脑', null);
INSERT INTO `t_product_type` VALUES ('177', null, null, '平板电脑配件', '172', null, '平板电脑配件', '100', '.163.172.177.', '0', '平板电脑配件', '平板电脑配件', null);
INSERT INTO `t_product_type` VALUES ('178', null, null, '台式机', '172', null, '台式机', '100', '.163.172.178.', '0', '台式机', '台式机', null);
INSERT INTO `t_product_type` VALUES ('179', null, null, '一体机', '172', null, '一体机', '100', '.163.172.179.', '0', '一体机', '一体机', null);
INSERT INTO `t_product_type` VALUES ('180', null, null, '笔记本配件', '172', null, '笔记本配件', '100', '.163.172.180.', '0', '笔记本配件', '笔记本配件', null);
INSERT INTO `t_product_type` VALUES ('181', null, null, '电脑配件', '163', null, '电脑配件', '100', '.163.181.', '0', '电脑配件', '电脑配件', null);
INSERT INTO `t_product_type` VALUES ('182', null, null, 'CPU', '181', null, 'CPU', '100', '.163.181.182.', '0', 'CPU', 'CPU', null);
INSERT INTO `t_product_type` VALUES ('183', null, null, '主板', '181', null, '主板', '100', '.163.181.183.', '0', '主板', '主板', null);
INSERT INTO `t_product_type` VALUES ('184', null, null, '显卡', '181', null, '显卡', '100', '.163.181.184.', '0', '显卡', '显卡', null);
INSERT INTO `t_product_type` VALUES ('185', null, null, '硬盘', '181', null, '硬盘', '100', '.163.181.185.', '0', '硬盘', '硬盘', null);
INSERT INTO `t_product_type` VALUES ('186', null, null, 'SSD固态硬盘', '181', null, 'SSD固态硬盘', '100', '.163.181.186.', '0', 'SSD固态硬盘', 'SSD固态硬盘', null);
INSERT INTO `t_product_type` VALUES ('187', null, null, '内存', '181', null, '内存', '100', '.163.181.187.', '0', '内存', '内存', null);
INSERT INTO `t_product_type` VALUES ('188', null, null, '机箱', '181', null, '机箱', '100', '.163.181.188.', '0', '机箱', '机箱', null);
INSERT INTO `t_product_type` VALUES ('189', null, null, '电源', '181', null, '电源', '100', '.163.181.189.', '0', '电源', '电源', null);
INSERT INTO `t_product_type` VALUES ('190', null, null, '显示器', '181', null, '显示器', '100', '.163.181.190.', '0', '显示器', '显示器', null);
INSERT INTO `t_product_type` VALUES ('191', null, null, '光驱/刻录机', '181', null, '光驱/刻录机', '100', '.163.181.191.', '0', '光驱/刻录机', '光驱/刻录机', null);
INSERT INTO `t_product_type` VALUES ('192', null, null, '散热器', '181', null, '散热器', '100', '.163.181.192.', '0', '散热器', '散热器', null);
INSERT INTO `t_product_type` VALUES ('193', null, null, '声卡/扩展卡', '181', null, '声卡/扩展卡', '100', '.163.181.193.', '0', '声卡/扩展卡', '声卡/扩展卡', null);
INSERT INTO `t_product_type` VALUES ('194', null, null, '装机配件', '181', null, '装机配件', '100', '.163.181.194.', '0', '装机配件', '装机配件', null);
INSERT INTO `t_product_type` VALUES ('195', null, null, '组装电脑', '181', null, '组装电脑', '100', '.163.181.195.', '0', '组装电脑', '组装电脑', null);
INSERT INTO `t_product_type` VALUES ('196', null, null, '手机通讯', '163', null, '手机通讯', '100', '.163.196.', '0', '手机通讯', '手机通讯', null);
INSERT INTO `t_product_type` VALUES ('197', null, null, '手机', '196', null, '手机', '100', '.163.196.197.', '0', '手机', '手机', '35');
INSERT INTO `t_product_type` VALUES ('198', null, null, '对讲机', '196', null, '对讲机', '100', '.163.196.198.', '0', '对讲机', '对讲机', null);
INSERT INTO `t_product_type` VALUES ('199', null, null, '手机配件', '163', null, '手机配件', '100', '.163.199.', '0', '手机配件', '手机配件', null);
INSERT INTO `t_product_type` VALUES ('200', null, null, '手机电池', '199', null, '手机电池', '100', '.163.199.200.', '0', '手机电池', '手机电池', null);
INSERT INTO `t_product_type` VALUES ('201', null, null, '蓝牙耳机', '199', null, '蓝牙耳机', '100', '.163.199.201.', '0', '蓝牙耳机', '蓝牙耳机', null);
INSERT INTO `t_product_type` VALUES ('202', null, null, '数据线/充电器', '199', null, '数据线/充电器', '100', '.163.199.202.', '0', '数据线/充电器', '数据线/充电器', null);
INSERT INTO `t_product_type` VALUES ('203', null, null, '手机耳机', '199', null, '手机耳机', '100', '.163.199.203.', '0', '手机耳机', '手机耳机', null);
INSERT INTO `t_product_type` VALUES ('204', null, null, '贴膜', '199', null, '贴膜', '100', '.163.199.204.', '0', '贴膜', '贴膜', null);
INSERT INTO `t_product_type` VALUES ('205', null, null, '储存卡', '199', null, '储存卡', '100', '.163.199.205.', '0', '储存卡', '储存卡', null);
INSERT INTO `t_product_type` VALUES ('206', null, null, '手机保护套', '199', null, '手机保护套', '100', '.163.199.206.', '0', '手机保护套', '手机保护套', null);
INSERT INTO `t_product_type` VALUES ('207', null, null, '车载配件', '199', null, '车载配件', '100', '.163.199.207.', '0', '车载配件', '车载配件', null);
INSERT INTO `t_product_type` VALUES ('208', null, null, 'iphone配件', '199', null, 'iphone配件', '100', '.163.199.208.', '0', 'iphone配件', 'iphone配件', null);
INSERT INTO `t_product_type` VALUES ('209', null, null, '创意配件', '199', null, '创意配件', '100', '.163.199.209.', '0', '创意配件', '创意配件', null);
INSERT INTO `t_product_type` VALUES ('210', null, null, '便携/无线音响', '199', null, '便携/无线音响', '100', '.163.199.210.', '0', '便携/无线音响', '便携/无线音响', null);
INSERT INTO `t_product_type` VALUES ('211', null, null, '手机饰品', '199', null, '手机饰品', '100', '.163.199.211.', '0', '手机饰品', '手机饰品', null);
INSERT INTO `t_product_type` VALUES ('212', null, null, '手机支架', '199', null, '手机支架', '100', '.163.199.212.', '0', '手机支架', '手机支架', null);
INSERT INTO `t_product_type` VALUES ('213', null, null, '拍照配件', '199', null, '拍照配件', '100', '.163.199.213.', '0', '拍照配件', '拍照配件', null);
INSERT INTO `t_product_type` VALUES ('214', null, null, '摄影摄像', '163', null, '摄影摄像', '100', '.163.214.', '0', '摄影摄像', '摄影摄像', null);
INSERT INTO `t_product_type` VALUES ('215', null, null, '数码相机', '214', null, '数码相机', '100', '.163.214.215.', '0', '数码相机', '数码相机', null);
INSERT INTO `t_product_type` VALUES ('216', null, null, '单电/微单相机', '214', null, '单电/微单相机', '100', '.163.214.216.', '0', '单电/微单相机', '单电/微单相机', null);
INSERT INTO `t_product_type` VALUES ('217', null, null, '单反相机', '214', null, '单反相机', '100', '.163.214.217.', '0', '单反相机', '单反相机', null);
INSERT INTO `t_product_type` VALUES ('218', null, null, '拍立得', '214', null, '拍立得', '100', '.163.214.218.', '0', '拍立得', '拍立得', null);
INSERT INTO `t_product_type` VALUES ('219', null, null, '运动相机', '214', null, '运动相机', '100', '.163.214.219.', '0', '运动相机', '运动相机', null);
INSERT INTO `t_product_type` VALUES ('220', null, null, '摄像机', '214', null, '摄像机', '100', '.163.214.220.', '0', '摄像机', '摄像机', null);
INSERT INTO `t_product_type` VALUES ('221', null, null, '镜头', '214', null, '镜头', '100', '.163.214.221.', '0', '镜头', '镜头', null);
INSERT INTO `t_product_type` VALUES ('222', null, null, '户外器材', '214', null, '户外器材', '100', '.163.214.222.', '0', '户外器材', '户外器材', null);
INSERT INTO `t_product_type` VALUES ('223', null, null, '影棚器材', '214', null, '影棚器材', '100', '.163.214.223.', '0', '影棚器材', '影棚器材', null);
INSERT INTO `t_product_type` VALUES ('224', null, null, '数码相框', '214', null, '数码相框', '100', '.163.214.224.', '0', '数码相框', '数码相框', null);
INSERT INTO `t_product_type` VALUES ('225', null, null, '数码配件', '163', null, '数码配件', '100', '.163.225.', '0', '数码配件', '数码配件', null);
INSERT INTO `t_product_type` VALUES ('226', null, null, '储存卡', '225', null, '储存卡', '100', '.163.225.226.', '0', '储存卡', '储存卡', null);
INSERT INTO `t_product_type` VALUES ('227', null, null, '读卡器', '225', null, '读卡器', '100', '.163.225.227.', '0', '读卡器', '读卡器', null);
INSERT INTO `t_product_type` VALUES ('228', null, null, '支架', '225', null, '支架', '100', '.163.225.228.', '0', '支架', '支架', null);
INSERT INTO `t_product_type` VALUES ('229', null, null, '滤镜', '225', null, '滤镜', '100', '.163.225.229.', '0', '滤镜', '滤镜', null);
INSERT INTO `t_product_type` VALUES ('230', null, null, '散光灯/手柄', '225', null, '散光灯/手柄', '100', '.163.225.230.', '0', '散光灯/手柄', '散光灯/手柄', null);
INSERT INTO `t_product_type` VALUES ('231', null, null, '相机包', '225', null, '相机包', '100', '.163.225.231.', '0', '相机包', '相机包', null);
INSERT INTO `t_product_type` VALUES ('232', null, null, '三脚架/云台', '225', null, '三脚架/云台', '100', '.163.225.232.', '0', '三脚架/云台', '三脚架/云台', null);
INSERT INTO `t_product_type` VALUES ('233', null, null, '相机清洁/贴膜', '225', null, '相机清洁/贴膜', '100', '.163.225.233.', '0', '相机清洁/贴膜', '相机清洁/贴膜', null);
INSERT INTO `t_product_type` VALUES ('234', null, null, '相机附件', '225', null, '相机附件', '100', '.163.225.234.', '0', '相机附件', '相机附件', null);
INSERT INTO `t_product_type` VALUES ('235', null, null, '镜头附件', '225', null, '镜头附件', '100', '.163.225.235.', '0', '镜头附件', '镜头附件', null);
INSERT INTO `t_product_type` VALUES ('236', null, null, '电池/充电器', '225', null, '电池/充电器', '100', '.163.225.236.', '0', '电池/充电器', '电池/充电器', null);
INSERT INTO `t_product_type` VALUES ('237', null, null, '移动电源', '225', null, '移动电源', '100', '.163.225.237.', '0', '移动电源', '移动电源', null);
INSERT INTO `t_product_type` VALUES ('238', null, null, '智能设备', '163', null, '智能设备', '100', '.163.238.', '0', '智能设备', '智能设备', null);
INSERT INTO `t_product_type` VALUES ('239', null, null, '智能手环', '238', null, '智能手环', '100', '.163.238.239.', '0', '智能手环', '智能手环', null);
INSERT INTO `t_product_type` VALUES ('240', null, null, '智能手表', '238', null, '智能手表', '100', '.163.238.240.', '0', '智能手表', '智能手表', null);
INSERT INTO `t_product_type` VALUES ('241', null, null, '智能眼镜', '238', null, '智能眼镜', '100', '.163.238.241.', '0', '智能眼镜', '智能眼镜', null);
INSERT INTO `t_product_type` VALUES ('242', null, null, '智能机器人', '238', null, '智能机器人', '100', '.163.238.242.', '0', '智能机器人', '智能机器人', null);
INSERT INTO `t_product_type` VALUES ('243', null, null, '运动跟踪器', '238', null, '运动跟踪器', '100', '.163.238.243.', '0', '运动跟踪器', '运动跟踪器', null);
INSERT INTO `t_product_type` VALUES ('244', null, null, '健康监测', '238', null, '健康监测', '100', '.163.238.244.', '0', '健康监测', '健康监测', null);
INSERT INTO `t_product_type` VALUES ('245', null, null, '智能配饰', '238', null, '智能配饰', '100', '.163.238.245.', '0', '智能配饰', '智能配饰', null);
INSERT INTO `t_product_type` VALUES ('246', null, null, '智能家居', '238', null, '智能家居', '100', '.163.238.246.', '0', '智能家居', '智能家居', null);
INSERT INTO `t_product_type` VALUES ('247', null, null, '无人机', '238', null, '无人机', '100', '.163.238.247.', '0', '无人机', '无人机', null);
INSERT INTO `t_product_type` VALUES ('248', null, null, '其他配件', '238', null, '其他配件', '100', '.163.238.248.', '0', '其他配件', '其他配件', null);
INSERT INTO `t_product_type` VALUES ('249', null, null, '外设产品', '163', null, '外设产品', '100', '.163.249.', '0', '外设产品', '外设产品', null);
INSERT INTO `t_product_type` VALUES ('250', null, null, '充电宝', '249', null, '充电宝', '100', '.163.249.250.', '0', '充电宝', '充电宝', null);
INSERT INTO `t_product_type` VALUES ('251', null, null, '有线/无线鼠标', '249', null, '有线/无线鼠标', '100', '.163.249.251.', '0', '有线/无线鼠标', '有线/无线鼠标', null);
INSERT INTO `t_product_type` VALUES ('252', null, null, '有线/无线键盘', '249', null, '有线/无线键盘', '100', '.163.249.252.', '0', '有线/无线键盘', '有线/无线键盘', null);
INSERT INTO `t_product_type` VALUES ('253', null, null, '网络仪表仪器', '249', null, '网络仪表仪器', '100', '.163.249.253.', '0', '网络仪表仪器', '网络仪表仪器', null);
INSERT INTO `t_product_type` VALUES ('254', null, null, 'U盘', '249', null, 'U盘', '100', '.163.249.254.', '0', 'U盘', 'U盘', null);
INSERT INTO `t_product_type` VALUES ('255', null, null, '移动硬盘', '249', null, '移动硬盘', '100', '.163.249.255.', '0', '移动硬盘', '移动硬盘', null);
INSERT INTO `t_product_type` VALUES ('256', null, null, '鼠标垫', '249', null, '鼠标垫', '100', '.163.249.256.', '0', '鼠标垫', '鼠标垫', null);
INSERT INTO `t_product_type` VALUES ('257', null, null, '摄像头', '249', null, '摄像头', '100', '.163.249.257.', '0', '摄像头', '摄像头', null);
INSERT INTO `t_product_type` VALUES ('258', null, null, '线缆', '249', null, '线缆', '100', '.163.249.258.', '0', '线缆', '线缆', null);
INSERT INTO `t_product_type` VALUES ('259', null, null, '电玩', '249', null, '电玩', '100', '.163.249.259.', '0', '电玩', '电玩', null);
INSERT INTO `t_product_type` VALUES ('260', null, null, '手写板', '249', null, '手写板', '100', '.163.249.260.', '0', '手写板', '手写板', null);
INSERT INTO `t_product_type` VALUES ('261', null, null, '外置盒', '249', null, '外置盒', '100', '.163.249.261.', '0', '外置盒', '外置盒', null);
INSERT INTO `t_product_type` VALUES ('262', null, null, '电脑工具', '249', null, '电脑工具', '100', '.163.249.262.', '0', '电脑工具', '电脑工具', null);
INSERT INTO `t_product_type` VALUES ('263', null, null, '电脑清洁', '249', null, '电脑清洁', '100', '.163.249.263.', '0', '电脑清洁', '电脑清洁', null);
INSERT INTO `t_product_type` VALUES ('264', null, null, 'UPS', '249', null, 'UPS', '100', '.163.249.264.', '0', 'UPS', 'UPS', null);
INSERT INTO `t_product_type` VALUES ('265', null, null, '插座', '249', null, '插座', '100', '.163.249.265.', '0', '插座', '插座', null);
INSERT INTO `t_product_type` VALUES ('266', null, null, '服装 / 鞋靴 / 箱包', '0', 'icon-nvzhuang', '服装 / 鞋靴 / 箱包 ', '100', '.266.', '0', '服装 / 鞋靴 / 箱包', '服装 / 鞋靴 / 箱包', null);
INSERT INTO `t_product_type` VALUES ('267', null, null, '女装', '266', null, '女装', '100', '.266.267.', '0', '女装', '女装', null);
INSERT INTO `t_product_type` VALUES ('268', null, null, '羽绒服', '267', null, '羽绒服', '100', '.266.267.268.', '0', '羽绒服', '羽绒服', null);
INSERT INTO `t_product_type` VALUES ('269', null, null, '棉服', '267', null, '棉服', '100', '.266.267.269.', '0', '棉服', '棉服', null);
INSERT INTO `t_product_type` VALUES ('270', null, null, '连衣裙', '267', null, '连衣裙', '100', '.266.267.270.', '0', '连衣裙', '连衣裙', null);
INSERT INTO `t_product_type` VALUES ('271', null, null, '卫衣', '267', null, '卫衣', '100', '.266.267.271.', '0', '卫衣', '卫衣', null);
INSERT INTO `t_product_type` VALUES ('272', null, null, '短外套', '267', null, '短外套', '100', '.266.267.272.', '0', '短外套', '短外套', null);
INSERT INTO `t_product_type` VALUES ('273', null, null, '风衣', '267', null, '风衣', '100', '.266.267.273.', '0', '风衣', '风衣', null);
INSERT INTO `t_product_type` VALUES ('274', null, null, '衬衫', '267', null, '衬衫', '100', '.266.267.274.', '0', '衬衫', '衬衫', null);
INSERT INTO `t_product_type` VALUES ('275', null, null, 'T恤', '267', null, 'T恤', '100', '.266.267.275.', '0', 'T恤', 'T恤', null);
INSERT INTO `t_product_type` VALUES ('276', null, null, '小西装', '267', null, '小西装', '100', '.266.267.276.', '0', '小西装', '小西装', null);
INSERT INTO `t_product_type` VALUES ('277', null, null, '打底衫', '267', null, '打底衫', '100', '.266.267.277.', '0', '打底衫', '打底衫', null);
INSERT INTO `t_product_type` VALUES ('278', null, null, '打底裤', '267', null, '打底裤', '100', '.266.267.278.', '0', '打底裤', '打底裤', null);
INSERT INTO `t_product_type` VALUES ('279', null, null, '针织衫', '267', null, '针织衫', '100', '.266.267.279.', '0', '针织衫', '针织衫', null);
INSERT INTO `t_product_type` VALUES ('280', null, null, '羊毛衫', '267', null, '羊毛衫', '100', '.266.267.280.', '0', '羊毛衫', '羊毛衫', null);
INSERT INTO `t_product_type` VALUES ('281', null, null, '羊绒衫', '267', null, '羊绒衫', '100', '.266.267.281.', '0', '羊绒衫', '羊绒衫', null);
INSERT INTO `t_product_type` VALUES ('282', null, null, '半身裙', '267', null, '半身裙', '100', '.266.267.282.', '0', '半身裙', '半身裙', null);
INSERT INTO `t_product_type` VALUES ('283', null, null, '皮草', '267', null, '皮草', '100', '.266.267.283.', '0', '皮草', '皮草', null);
INSERT INTO `t_product_type` VALUES ('284', null, null, '真皮皮衣', '267', null, '真皮皮衣', '100', '.266.267.284.', '0', '真皮皮衣', '真皮皮衣', null);
INSERT INTO `t_product_type` VALUES ('285', null, null, '仿皮皮衣', '267', null, '仿皮皮衣', '100', '.266.267.285.', '0', '仿皮皮衣', '仿皮皮衣', null);
INSERT INTO `t_product_type` VALUES ('286', null, null, '雪纺衫', '267', null, '雪纺衫', '100', '.266.267.286.', '0', '雪纺衫', '雪纺衫', null);
INSERT INTO `t_product_type` VALUES ('287', null, null, '牛仔裤', '267', null, '牛仔裤', '100', '.266.267.287.', '0', '牛仔裤', '牛仔裤', null);
INSERT INTO `t_product_type` VALUES ('288', null, null, '休闲裤', '267', null, '休闲裤', '100', '.266.267.288.', '0', '休闲裤', '休闲裤', null);
INSERT INTO `t_product_type` VALUES ('289', null, null, '正装裤', '267', null, '正装裤', '100', '.266.267.289.', '0', '正装裤', '正装裤', null);
INSERT INTO `t_product_type` VALUES ('290', null, null, '短裤', '267', null, '短裤', '100', '.266.267.290.', '0', '短裤', '短裤', null);
INSERT INTO `t_product_type` VALUES ('291', null, null, '加绒裤', '267', null, '加绒裤', '100', '.266.267.291.', '0', '加绒裤', '加绒裤', null);
INSERT INTO `t_product_type` VALUES ('292', null, null, '旗袍/唐装', '267', null, '旗袍/唐装', '100', '.266.267.292.', '0', '旗袍/唐装', '旗袍/唐装', null);
INSERT INTO `t_product_type` VALUES ('293', null, null, '礼服', '267', null, '礼服', '100', '.266.267.293.', '0', '礼服', '礼服', null);
INSERT INTO `t_product_type` VALUES ('294', null, null, '吊带/背心', '267', null, '吊带/背心', '100', '.266.267.294.', '0', '吊带/背心', '吊带/背心', null);
INSERT INTO `t_product_type` VALUES ('295', null, null, '中老年装', '267', null, '中老年装', '100', '.266.267.295.', '0', '中老年装', '中老年装', null);
INSERT INTO `t_product_type` VALUES ('296', null, null, '男装', '266', null, '男装', '100', '.266.296.', '0', '男装', '男装', null);
INSERT INTO `t_product_type` VALUES ('297', null, null, '羽绒服', '296', null, '羽绒服', '100', '.266.296.297.', '0', '羽绒服', '羽绒服', null);
INSERT INTO `t_product_type` VALUES ('298', null, null, '棉服', '296', null, '棉服', '100', '.266.296.298.', '0', '棉服', '棉服', null);
INSERT INTO `t_product_type` VALUES ('299', null, null, '针织衫', '296', null, '针织衫', '100', '.266.296.299.', '0', '针织衫', '针织衫', null);
INSERT INTO `t_product_type` VALUES ('300', null, null, '夹克', '296', null, '夹克', '100', '.266.296.300.', '0', '夹克', '夹克', null);
INSERT INTO `t_product_type` VALUES ('301', null, null, '羊毛衫', '296', null, '羊毛衫', '100', '.266.296.301.', '0', '羊毛衫', '羊毛衫', null);
INSERT INTO `t_product_type` VALUES ('302', null, null, '加绒裤', '296', null, '加绒裤', '100', '.266.296.302.', '0', '加绒裤', '加绒裤', null);
INSERT INTO `t_product_type` VALUES ('303', null, null, '真皮皮衣', '296', null, '真皮皮衣', '100', '.266.296.303.', '0', '真皮皮衣', '真皮皮衣', null);
INSERT INTO `t_product_type` VALUES ('304', null, null, '卫衣', '296', null, '卫衣', '100', '.266.296.304.', '0', '卫衣', '卫衣', null);
INSERT INTO `t_product_type` VALUES ('305', null, null, 'T恤', '296', null, 'T恤', '100', '.266.296.305.', '0', 'T恤', 'T恤', null);
INSERT INTO `t_product_type` VALUES ('306', null, null, '马甲/背心', '296', null, '马甲/背心', '100', '.266.296.306.', '0', '马甲/背心', '马甲/背心', null);
INSERT INTO `t_product_type` VALUES ('307', null, null, '西服套装', '296', null, '西服套装', '100', '.266.296.307.', '0', '西服套装', '西服套装', null);
INSERT INTO `t_product_type` VALUES ('308', null, null, '牛仔裤', '296', null, '牛仔裤', '100', '.266.296.308.', '0', '牛仔裤', '牛仔裤', null);
INSERT INTO `t_product_type` VALUES ('309', null, null, '休闲裤', '296', null, '休闲裤', '100', '.266.296.309.', '0', '休闲裤', '休闲裤', null);
INSERT INTO `t_product_type` VALUES ('310', null, null, '衬衫', '296', null, '衬衫', '100', '.266.296.310.', '0', '衬衫', '衬衫', null);
INSERT INTO `t_product_type` VALUES ('311', null, null, '毛呢大衣', '296', null, '毛呢大衣', '100', '.266.296.311.', '0', '毛呢大衣', '毛呢大衣', null);
INSERT INTO `t_product_type` VALUES ('312', null, null, '风衣', '296', null, '风衣', '100', '.266.296.312.', '0', '风衣', '风衣', null);
INSERT INTO `t_product_type` VALUES ('313', null, null, '仿皮皮衣', '296', null, '仿皮皮衣', '100', '.266.296.313.', '0', '仿皮皮衣', '仿皮皮衣', null);
INSERT INTO `t_product_type` VALUES ('314', null, null, '西服', '296', null, '西服', '100', '.266.296.314.', '0', '西服', '西服', null);
INSERT INTO `t_product_type` VALUES ('315', null, null, '西裤', '296', null, '西裤', '100', '.266.296.315.', '0', '西裤', '西裤', null);
INSERT INTO `t_product_type` VALUES ('316', null, null, '卫裤/运动裤', '296', null, '卫裤/运动裤', '100', '.266.296.316.', '0', '卫裤/运动裤', '卫裤/运动裤', null);
INSERT INTO `t_product_type` VALUES ('317', null, null, 'POLP衫', '296', null, 'POLP衫', '100', '.266.296.317.', '0', 'POLP衫', 'POLP衫', null);
INSERT INTO `t_product_type` VALUES ('318', null, null, '短裤', '296', null, '短裤', '100', '.266.296.318.', '0', '短裤', '短裤', null);
INSERT INTO `t_product_type` VALUES ('319', null, null, '羊绒衫', '296', null, '羊绒衫', '100', '.266.296.319.', '0', '羊绒衫', '羊绒衫', null);
INSERT INTO `t_product_type` VALUES ('320', null, null, '工装', '296', null, '工装', '100', '.266.296.320.', '0', '工装', '工装', null);
INSERT INTO `t_product_type` VALUES ('321', null, null, '唐装/中山装', '296', null, '唐装/中山装', '100', '.266.296.321.', '0', '唐装/中山装', '唐装/中山装', null);
INSERT INTO `t_product_type` VALUES ('322', null, null, '老年装', '296', null, '老年装', '100', '.266.296.322.', '0', '老年装', '老年装', null);
INSERT INTO `t_product_type` VALUES ('323', null, null, '内衣', '266', null, '内衣', '100', '.266.323.', '0', '内衣', '内衣', null);
INSERT INTO `t_product_type` VALUES ('324', null, null, '保暖内衣', '323', null, '保暖内衣', '100', '.266.323.324.', '0', '保暖内衣', '保暖内衣', null);
INSERT INTO `t_product_type` VALUES ('325', null, null, '秋衣秋裤', '323', null, '秋衣秋裤', '100', '.266.323.325.', '0', '秋衣秋裤', '秋衣秋裤', null);
INSERT INTO `t_product_type` VALUES ('326', null, null, '睡衣/家居服', '323', null, '睡衣/家居服', '100', '.266.323.326.', '0', '睡衣/家居服', '睡衣/家居服', null);
INSERT INTO `t_product_type` VALUES ('327', null, null, '打底裤袜', '323', null, '打底裤袜', '100', '.266.323.327.', '0', '打底裤袜', '打底裤袜', null);
INSERT INTO `t_product_type` VALUES ('328', null, null, '休闲棉袜', '323', null, '休闲棉袜', '100', '.266.323.328.', '0', '休闲棉袜', '休闲棉袜', null);
INSERT INTO `t_product_type` VALUES ('329', null, null, '商务男袜', '323', null, '商务男袜', '100', '.266.323.329.', '0', '商务男袜', '商务男袜', null);
INSERT INTO `t_product_type` VALUES ('330', null, null, '情侣睡衣', '323', null, '情侣睡衣', '100', '.266.323.330.', '0', '情侣睡衣', '情侣睡衣', null);
INSERT INTO `t_product_type` VALUES ('331', null, null, '文胸套装', '323', null, '文胸套装', '100', '.266.323.331.', '0', '文胸套装', '文胸套装', null);
INSERT INTO `t_product_type` VALUES ('332', null, null, '文胸', '323', null, '文胸', '100', '.266.323.332.', '0', '文胸', '文胸', null);
INSERT INTO `t_product_type` VALUES ('333', null, null, '男士内裤', '323', null, '男士内裤', '100', '.266.323.333.', '0', '男士内裤', '男士内裤', null);
INSERT INTO `t_product_type` VALUES ('334', null, null, '女式内裤', '323', null, '女式内裤', '100', '.266.323.334.', '0', '女式内裤', '女式内裤', null);
INSERT INTO `t_product_type` VALUES ('335', null, null, '连裤袜/丝袜', '323', null, '连裤袜/丝袜', '100', '.266.323.335.', '0', '连裤袜/丝袜', '连裤袜/丝袜', null);
INSERT INTO `t_product_type` VALUES ('336', null, null, '打底衫', '323', null, '打底衫', '100', '.266.323.336.', '0', '打底衫', '打底衫', null);
INSERT INTO `t_product_type` VALUES ('337', null, null, '抹胸', '323', null, '抹胸', '100', '.266.323.337.', '0', '抹胸', '抹胸', null);
INSERT INTO `t_product_type` VALUES ('338', null, null, '内衣配件', '323', null, '内衣配件', '100', '.266.323.338.', '0', '内衣配件', '内衣配件', null);
INSERT INTO `t_product_type` VALUES ('339', null, null, '泳衣', '323', null, '泳衣', '100', '.266.323.339.', '0', '泳衣', '泳衣', null);
INSERT INTO `t_product_type` VALUES ('340', null, null, '塑身美体', '323', null, '塑身美体', '100', '.266.323.340.', '0', '塑身美体', '塑身美体', null);
INSERT INTO `t_product_type` VALUES ('341', null, null, '配饰', '266', null, '配饰', '100', '.266.341.', '0', '配饰', '配饰', null);
INSERT INTO `t_product_type` VALUES ('342', null, null, '女士丝巾/围巾/披肩', '341', null, '女士丝巾/围巾/披肩', '100', '.266.341.342.', '0', '女士丝巾/围巾/披肩', '女士丝巾/围巾/披肩', null);
INSERT INTO `t_product_type` VALUES ('343', null, null, '男士腰带', '341', null, '男士腰带', '100', '.266.341.343.', '0', '男士腰带', '男士腰带', null);
INSERT INTO `t_product_type` VALUES ('344', null, null, '男士丝巾/围巾', '341', null, '男士丝巾/围巾', '100', '.266.341.344.', '0', '男士丝巾/围巾', '男士丝巾/围巾', null);
INSERT INTO `t_product_type` VALUES ('345', null, null, '防辐射眼镜', '341', null, '防辐射眼镜', '100', '.266.341.345.', '0', '防辐射眼镜', '防辐射眼镜', null);
INSERT INTO `t_product_type` VALUES ('346', null, null, '老花镜', '341', null, '老花镜', '100', '.266.341.346.', '0', '老花镜', '老花镜', null);
INSERT INTO `t_product_type` VALUES ('347', null, null, '太阳眼镜', '341', null, '太阳眼镜', '100', '.266.341.347.', '0', '太阳眼镜', '太阳眼镜', null);
INSERT INTO `t_product_type` VALUES ('348', null, null, '贝雷帽', '341', null, '贝雷帽', '100', '.266.341.348.', '0', '贝雷帽', '贝雷帽', null);
INSERT INTO `t_product_type` VALUES ('349', null, null, '真皮手套', '341', null, '真皮手套', '100', '.266.341.349.', '0', '真皮手套', '真皮手套', null);
INSERT INTO `t_product_type` VALUES ('350', null, null, '光学镜架/镜片', '341', null, '光学镜架/镜片', '100', '.266.341.350.', '0', '光学镜架/镜片', '光学镜架/镜片', null);
INSERT INTO `t_product_type` VALUES ('351', null, null, '毛线帽', '341', null, '毛线帽', '100', '.266.341.351.', '0', '毛线帽', '毛线帽', null);
INSERT INTO `t_product_type` VALUES ('352', null, null, '棒球帽', '341', null, '棒球帽', '100', '.266.341.352.', '0', '棒球帽', '棒球帽', null);
INSERT INTO `t_product_type` VALUES ('353', null, null, '鸭舌帽', '341', null, '鸭舌帽', '100', '.266.341.353.', '0', '鸭舌帽', '鸭舌帽', null);
INSERT INTO `t_product_type` VALUES ('354', null, null, '礼帽', '341', null, '礼帽', '100', '.266.341.354.', '0', '礼帽', '礼帽', null);
INSERT INTO `t_product_type` VALUES ('355', null, null, '游泳镜', '341', null, '游泳镜', '100', '.266.341.355.', '0', '游泳镜', '游泳镜', null);
INSERT INTO `t_product_type` VALUES ('356', null, null, '口罩', '341', null, '口罩', '100', '.266.341.356.', '0', '口罩', '口罩', null);
INSERT INTO `t_product_type` VALUES ('357', null, null, '围巾/手套/帽子套装', '341', null, '围巾/手套/帽子套装', '100', '.266.341.357.', '0', '围巾/手套/帽子套装', '围巾/手套/帽子套装', null);
INSERT INTO `t_product_type` VALUES ('358', null, null, '女士腰带', '341', null, '女士腰带', '100', '.266.341.358.', '0', '女士腰带', '女士腰带', null);
INSERT INTO `t_product_type` VALUES ('359', null, null, '遮阳帽', '341', null, '遮阳帽', '100', '.266.341.359.', '0', '遮阳帽', '遮阳帽', null);
INSERT INTO `t_product_type` VALUES ('360', null, null, '遮阳伞/雨伞', '341', null, '遮阳伞/雨伞', '100', '.266.341.360.', '0', '遮阳伞/雨伞', '遮阳伞/雨伞', null);
INSERT INTO `t_product_type` VALUES ('361', null, null, '防晒手套', '341', null, '防晒手套', '100', '.266.341.361.', '0', '防晒手套', '防晒手套', null);
INSERT INTO `t_product_type` VALUES ('362', null, null, '假领', '341', null, '假领', '100', '.266.341.362.', '0', '假领', '假领', null);
INSERT INTO `t_product_type` VALUES ('363', null, null, '毛线手套', '341', null, '毛线手套', '100', '.266.341.363.', '0', '毛线手套', '毛线手套', null);
INSERT INTO `t_product_type` VALUES ('364', null, null, '耳罩/耳包', '341', null, '耳罩/耳包', '100', '.266.341.364.', '0', '耳罩/耳包', '耳罩/耳包', null);
INSERT INTO `t_product_type` VALUES ('365', null, null, '领带/领结/领带夹', '341', null, '领带/领结/领带夹', '100', '.266.341.365.', '0', '领带/领结/领带夹', '领带/领结/领带夹', null);
INSERT INTO `t_product_type` VALUES ('366', null, null, '装饰眼镜', '341', null, '装饰眼镜', '100', '.266.341.366.', '0', '装饰眼镜', '装饰眼镜', null);
INSERT INTO `t_product_type` VALUES ('367', null, null, '袖口', '341', null, '袖口', '100', '.266.341.367.', '0', '袖口', '袖口', null);
INSERT INTO `t_product_type` VALUES ('368', null, null, '钥匙扣', '341', null, '钥匙扣', '100', '.266.341.368.', '0', '钥匙扣', '钥匙扣', null);
INSERT INTO `t_product_type` VALUES ('369', null, null, '女鞋', '266', null, '女鞋', '100', '.266.369.', '0', '女鞋', '女鞋', null);
INSERT INTO `t_product_type` VALUES ('370', null, null, '单鞋', '369', null, '单鞋', '100', '.266.369.370.', '0', '单鞋', '单鞋', null);
INSERT INTO `t_product_type` VALUES ('371', null, null, '休闲鞋', '369', null, '休闲鞋', '100', '.266.369.371.', '0', '休闲鞋', '休闲鞋', null);
INSERT INTO `t_product_type` VALUES ('372', null, null, '运动鞋', '369', null, '运动鞋', '100', '.266.369.372.', '0', '运动鞋', '运动鞋', null);
INSERT INTO `t_product_type` VALUES ('373', null, null, '凉鞋', '369', null, '凉鞋', '100', '.266.369.373.', '0', '凉鞋', '凉鞋', null);
INSERT INTO `t_product_type` VALUES ('374', null, null, '靴子', '369', null, '靴子', '100', '.266.369.374.', '0', '靴子', '靴子', null);
INSERT INTO `t_product_type` VALUES ('375', null, null, '皮鞋', '369', null, '皮鞋', '100', '.266.369.375.', '0', '皮鞋', '皮鞋', null);
INSERT INTO `t_product_type` VALUES ('376', null, null, '高跟鞋', '369', null, '高跟鞋', '100', '.266.369.376.', '0', '高跟鞋', '高跟鞋', null);
INSERT INTO `t_product_type` VALUES ('377', null, null, '布鞋/绣花鞋', '369', null, '布鞋/绣花鞋', '100', '.266.369.377.', '0', '布鞋/绣花鞋', '布鞋/绣花鞋', null);
INSERT INTO `t_product_type` VALUES ('378', null, null, '马丁靴', '369', null, '马丁靴', '100', '.266.369.378.', '0', '马丁靴', '马丁靴', null);
INSERT INTO `t_product_type` VALUES ('379', null, null, '雨鞋/雨靴', '369', null, '雨鞋/雨靴', '100', '.266.369.379.', '0', '雨鞋/雨靴', '雨鞋/雨靴', null);
INSERT INTO `t_product_type` VALUES ('380', null, null, '雪地靴', '369', null, '雪地靴', '100', '.266.369.380.', '0', '雪地靴', '雪地靴', null);
INSERT INTO `t_product_type` VALUES ('381', null, null, '帆布鞋', '369', null, '帆布鞋', '100', '.266.369.381.', '0', '帆布鞋', '帆布鞋', null);
INSERT INTO `t_product_type` VALUES ('382', null, null, '鞋配件', '369', null, '鞋配件', '100', '.266.369.382.', '0', '鞋配件', '鞋配件', null);
INSERT INTO `t_product_type` VALUES ('383', null, null, '男鞋', '266', null, '男鞋', '100', '.266.383.', '0', '男鞋', '男鞋', null);
INSERT INTO `t_product_type` VALUES ('384', null, null, '休闲鞋', '383', null, '休闲鞋', '100', '.266.383.384.', '0', '休闲鞋', '休闲鞋', null);
INSERT INTO `t_product_type` VALUES ('385', null, null, '商务休闲鞋', '383', null, '商务休闲鞋', '100', '.266.383.385.', '0', '商务休闲鞋', '商务休闲鞋', null);
INSERT INTO `t_product_type` VALUES ('386', null, null, '皮鞋', '383', null, '皮鞋', '100', '.266.383.386.', '0', '皮鞋', '皮鞋', null);
INSERT INTO `t_product_type` VALUES ('387', null, null, '帆布鞋', '383', null, '帆布鞋', '100', '.266.383.387.', '0', '帆布鞋', '帆布鞋', null);
INSERT INTO `t_product_type` VALUES ('388', null, null, '拖鞋/人字拖', '383', null, '拖鞋/人字拖', '100', '.266.383.388.', '0', '拖鞋/人字拖', '拖鞋/人字拖', null);
INSERT INTO `t_product_type` VALUES ('389', null, null, '男靴', '383', null, '男靴', '100', '.266.383.389.', '0', '男靴', '男靴', null);
INSERT INTO `t_product_type` VALUES ('390', null, null, '定制鞋', '383', null, '定制鞋', '100', '.266.383.390.', '0', '定制鞋', '定制鞋', null);
INSERT INTO `t_product_type` VALUES ('391', null, null, '布鞋', '383', null, '布鞋', '100', '.266.383.391.', '0', '布鞋', '布鞋', null);
INSERT INTO `t_product_type` VALUES ('392', null, null, '凉鞋/沙滩鞋', '383', null, '凉鞋/沙滩鞋', '100', '.266.383.392.', '0', '凉鞋/沙滩鞋', '凉鞋/沙滩鞋', null);
INSERT INTO `t_product_type` VALUES ('393', null, null, '雨鞋/雨靴', '383', null, '雨鞋/雨靴', '100', '.266.383.393.', '0', '雨鞋/雨靴', '雨鞋/雨靴', null);
INSERT INTO `t_product_type` VALUES ('394', null, null, '鞋配件', '383', null, '鞋配件', '100', '.266.383.394.', '0', '鞋配件', '鞋配件', null);
INSERT INTO `t_product_type` VALUES ('395', null, null, '女包', '266', null, '女包', '100', '.266.395.', '0', '女包', '女包', null);
INSERT INTO `t_product_type` VALUES ('396', null, null, '单肩包', '395', null, '单肩包', '100', '.266.395.396.', '0', '单肩包', '单肩包', null);
INSERT INTO `t_product_type` VALUES ('397', null, null, '手提包', '395', null, '手提包', '100', '.266.395.397.', '0', '手提包', '手提包', null);
INSERT INTO `t_product_type` VALUES ('398', null, null, '斜挎包', '395', null, '斜挎包', '100', '.266.395.398.', '0', '斜挎包', '斜挎包', null);
INSERT INTO `t_product_type` VALUES ('399', null, null, '双肩包', '395', null, '双肩包', '100', '.266.395.399.', '0', '双肩包', '双肩包', null);
INSERT INTO `t_product_type` VALUES ('400', null, null, '钱包/卡包', '395', null, '钱包/卡包', '100', '.266.395.400.', '0', '钱包/卡包', '钱包/卡包', null);
INSERT INTO `t_product_type` VALUES ('401', null, null, '手拿包/晚宴包', '395', null, '手拿包/晚宴包', '100', '.266.395.401.', '0', '手拿包/晚宴包', '手拿包/晚宴包', null);
INSERT INTO `t_product_type` VALUES ('402', null, null, '钥匙包', '395', null, '钥匙包', '100', '.266.395.402.', '0', '钥匙包', '钥匙包', null);
INSERT INTO `t_product_type` VALUES ('403', null, null, '男包', '266', null, '男包', '100', '.266.403.', '0', '男包', '男包', null);
INSERT INTO `t_product_type` VALUES ('404', null, null, '公文包', '403', null, '公文包', '100', '.266.403.404.', '0', '公文包', '公文包', null);
INSERT INTO `t_product_type` VALUES ('405', null, null, '单肩/斜挎包', '403', null, '单肩/斜挎包', '100', '.266.403.405.', '0', '单肩/斜挎包', '单肩/斜挎包', null);
INSERT INTO `t_product_type` VALUES ('406', null, null, '男士手包', '403', null, '男士手包', '100', '.266.403.406.', '0', '男士手包', '男士手包', null);
INSERT INTO `t_product_type` VALUES ('407', null, null, '双肩包', '403', null, '双肩包', '100', '.266.403.407.', '0', '双肩包', '双肩包', null);
INSERT INTO `t_product_type` VALUES ('408', null, null, '钱包/卡包', '403', null, '钱包/卡包', '100', '.266.403.408.', '0', '钱包/卡包', '钱包/卡包', null);
INSERT INTO `t_product_type` VALUES ('409', null, null, '钥匙包', '403', null, '钥匙包', '100', '.266.403.409.', '0', '钥匙包', '钥匙包', null);
INSERT INTO `t_product_type` VALUES ('410', null, null, '功能箱包', '266', null, '功能箱包', '100', '.266.410.', '0', '功能箱包', '功能箱包', null);
INSERT INTO `t_product_type` VALUES ('411', null, null, '拉杆箱/拉杆包', '410', null, '拉杆箱/拉杆包', '100', '.266.410.411.', '0', '拉杆箱/拉杆包', '拉杆箱/拉杆包', null);
INSERT INTO `t_product_type` VALUES ('412', null, null, '旅行包', '410', null, '旅行包', '100', '.266.410.412.', '0', '旅行包', '旅行包', null);
INSERT INTO `t_product_type` VALUES ('413', null, null, '电脑包', '410', null, '电脑包', '100', '.266.410.413.', '0', '电脑包', '电脑包', null);
INSERT INTO `t_product_type` VALUES ('414', null, null, '休闲运动包', '410', null, '休闲运动包', '100', '.266.410.414.', '0', '休闲运动包', '休闲运动包', null);
INSERT INTO `t_product_type` VALUES ('415', null, null, '相机包', '410', null, '相机包', '100', '.266.410.415.', '0', '相机包', '相机包', null);
INSERT INTO `t_product_type` VALUES ('416', null, null, '腰包', '410', null, '腰包', '100', '.266.410.416.', '0', '腰包', '腰包', null);
INSERT INTO `t_product_type` VALUES ('417', null, null, '登山包', '410', null, '登山包', '100', '.266.410.417.', '0', '登山包', '登山包', null);
INSERT INTO `t_product_type` VALUES ('418', null, null, '书包', '410', null, '书包', '100', '.266.410.418.', '0', '书包', '书包', null);
INSERT INTO `t_product_type` VALUES ('419', null, null, '妈咪包', '410', null, '妈咪包', '100', '.266.410.419.', '0', '妈咪包', '妈咪包', null);
INSERT INTO `t_product_type` VALUES ('420', null, null, '配件', '410', null, '配件', '100', '.266.410.420.', '0', '配件', '配件', null);
INSERT INTO `t_product_type` VALUES ('421', null, null, '个护 / 化妆 / 洗涤', '0', 'icon-meirong', '个护 / 化妆 / 洗涤', '100', '.421.', '0', '个护 / 化妆 / 洗涤', '个护 / 化妆 / 洗涤', null);
INSERT INTO `t_product_type` VALUES ('422', null, null, '面部护肤', '421', null, '面部护肤', '100', '.421.422.', '0', '面部护肤', '面部护肤', null);
INSERT INTO `t_product_type` VALUES ('423', null, null, '清洁', '422', null, '清洁', '100', '.421.422.423.', '0', '清洁', '清洁', null);
INSERT INTO `t_product_type` VALUES ('424', null, null, '护肤', '422', null, '护肤', '100', '.421.422.424.', '0', '护肤', '护肤', null);
INSERT INTO `t_product_type` VALUES ('425', null, null, '面膜', '422', null, '面膜', '100', '.421.422.425.', '0', '面膜', '面膜', null);
INSERT INTO `t_product_type` VALUES ('426', null, null, '剃须', '422', null, '剃须', '100', '.421.422.426.', '0', '剃须', '剃须', null);
INSERT INTO `t_product_type` VALUES ('427', null, null, '套装', '422', null, '套装', '100', '.421.422.427.', '0', '套装', '套装', null);
INSERT INTO `t_product_type` VALUES ('428', null, null, '洗发护发', '421', null, '洗发护发', '100', '.421.428.', '0', '洗发护发', '洗发护发', null);
INSERT INTO `t_product_type` VALUES ('429', null, null, '洗发', '428', null, '洗发', '100', '.421.428.429.', '0', '洗发', '洗发', null);
INSERT INTO `t_product_type` VALUES ('430', null, null, '护发', '428', null, '护发', '100', '.421.428.430.', '0', '护发', '护发', null);
INSERT INTO `t_product_type` VALUES ('431', null, null, '染发', '428', null, '染发', '100', '.421.428.431.', '0', '染发', '染发', null);
INSERT INTO `t_product_type` VALUES ('432', null, null, '造型', '428', null, '造型', '100', '.421.428.432.', '0', '造型', '造型', null);
INSERT INTO `t_product_type` VALUES ('433', null, null, '假发', '428', null, '假发', '100', '.421.428.433.', '0', '假发', '假发', null);
INSERT INTO `t_product_type` VALUES ('434', null, null, '套装', '428', null, '套装', '100', '.421.428.434.', '0', '套装', '套装', null);
INSERT INTO `t_product_type` VALUES ('435', null, null, '身体护肤', '421', null, '身体护肤', '100', '.421.435.', '0', '身体护肤', '身体护肤', null);
INSERT INTO `t_product_type` VALUES ('436', null, null, '沐浴', '435', null, '沐浴', '100', '.421.435.436.', '0', '沐浴', '沐浴', null);
INSERT INTO `t_product_type` VALUES ('437', null, null, '润肤', '435', null, '润肤', '100', '.421.435.437.', '0', '润肤', '润肤', null);
INSERT INTO `t_product_type` VALUES ('438', null, null, '颈部', '435', null, '颈部', '100', '.421.435.438.', '0', '颈部', '颈部', null);
INSERT INTO `t_product_type` VALUES ('439', null, null, '手足', '435', null, '手足', '100', '.421.435.439.', '0', '手足', '手足', null);
INSERT INTO `t_product_type` VALUES ('440', null, null, '纤体塑形', '435', null, '纤体塑形', '100', '.421.435.440.', '0', '纤体塑形', '纤体塑形', null);
INSERT INTO `t_product_type` VALUES ('441', null, null, '美胸', '435', null, '美胸', '100', '.421.435.441.', '0', '美胸', '美胸', null);
INSERT INTO `t_product_type` VALUES ('442', null, null, '套装', '435', null, '套装', '100', '.421.435.442.', '0', '套装', '套装', null);
INSERT INTO `t_product_type` VALUES ('443', null, null, '口腔护理', '421', null, '口腔护理', '100', '.421.443.', '0', '口腔护理', '口腔护理', null);
INSERT INTO `t_product_type` VALUES ('444', null, null, '牙膏/牙粉', '443', null, '牙膏/牙粉', '100', '.421.443.444.', '0', '牙膏/牙粉', '牙膏/牙粉', null);
INSERT INTO `t_product_type` VALUES ('445', null, null, '牙刷/牙线', '443', null, '牙刷/牙线', '100', '.421.443.445.', '0', '牙刷/牙线', '牙刷/牙线', null);
INSERT INTO `t_product_type` VALUES ('446', null, null, '漱口水', '443', null, '漱口水', '100', '.421.443.446.', '0', '漱口水', '漱口水', null);
INSERT INTO `t_product_type` VALUES ('447', null, null, '套装', '443', null, '套装', '100', '.421.443.447.', '0', '套装', '套装', null);
INSERT INTO `t_product_type` VALUES ('448', null, null, '女性护理', '421', null, '女性护理', '100', '.421.448.', '0', '女性护理', '女性护理', null);
INSERT INTO `t_product_type` VALUES ('449', null, null, '卫生巾', '448', null, '卫生巾', '100', '.421.448.449.', '0', '卫生巾', '卫生巾', null);
INSERT INTO `t_product_type` VALUES ('450', null, null, '卫生护垫', '448', null, '卫生护垫', '100', '.421.448.450.', '0', '卫生护垫', '卫生护垫', null);
INSERT INTO `t_product_type` VALUES ('451', null, null, '私密护理', '448', null, '私密护理', '100', '.421.448.451.', '0', '私密护理', '私密护理', null);
INSERT INTO `t_product_type` VALUES ('452', null, null, '脱毛膏', '448', null, '脱毛膏', '100', '.421.448.452.', '0', '脱毛膏', '脱毛膏', null);
INSERT INTO `t_product_type` VALUES ('453', null, null, '香水彩妆', '421', null, '香水彩妆', '100', '.421.453.', '0', '香水彩妆', '香水彩妆', null);
INSERT INTO `t_product_type` VALUES ('454', null, null, '香水', '453', null, '香水', '100', '.421.453.454.', '0', '香水', '香水', null);
INSERT INTO `t_product_type` VALUES ('455', null, null, '底妆', '453', null, '底妆', '100', '.421.453.455.', '0', '底妆', '底妆', null);
INSERT INTO `t_product_type` VALUES ('456', null, null, '腮红', '453', null, '腮红', '100', '.421.453.456.', '0', '腮红', '腮红', null);
INSERT INTO `t_product_type` VALUES ('457', null, null, '眼部', '453', null, '眼部', '100', '.421.453.457.', '0', '眼部', '眼部', null);
INSERT INTO `t_product_type` VALUES ('458', null, null, '唇部', '453', null, '唇部', '100', '.421.453.458.', '0', '唇部', '唇部', null);
INSERT INTO `t_product_type` VALUES ('459', null, null, '美甲', '453', null, '美甲', '100', '.421.453.459.', '0', '美甲', '美甲', null);
INSERT INTO `t_product_type` VALUES ('460', null, null, '美容工具', '453', null, '美容工具', '100', '.421.453.460.', '0', '美容工具', '美容工具', null);
INSERT INTO `t_product_type` VALUES ('461', null, null, '套装', '453', null, '套装', '100', '.421.453.461.', '0', '套装', '套装', null);
INSERT INTO `t_product_type` VALUES ('462', null, null, '清洁用品', '421', null, '清洁用品', '100', '.421.462.', '0', '清洁用品', '清洁用品', null);
INSERT INTO `t_product_type` VALUES ('463', null, null, '纸品湿巾', '462', null, '纸品湿巾', '100', '.421.462.463.', '0', '纸品湿巾', '纸品湿巾', null);
INSERT INTO `t_product_type` VALUES ('464', null, null, '衣物清洁', '462', null, '衣物清洁', '100', '.421.462.464.', '0', '衣物清洁', '衣物清洁', null);
INSERT INTO `t_product_type` VALUES ('465', null, null, '清洁工具', '462', null, '清洁工具', '100', '.421.462.465.', '0', '清洁工具', '清洁工具', null);
INSERT INTO `t_product_type` VALUES ('466', null, null, '家庭清洁', '462', null, '家庭清洁', '100', '.421.462.466.', '0', '家庭清洁', '家庭清洁', null);
INSERT INTO `t_product_type` VALUES ('467', null, null, '一次性用品', '462', null, '一次性用品', '100', '.421.462.467.', '0', '一次性用品', '一次性用品', null);
INSERT INTO `t_product_type` VALUES ('468', null, null, '驱虫用品', '462', null, '驱虫用品', '100', '.421.462.468.', '0', '驱虫用品', '驱虫用品', null);
INSERT INTO `t_product_type` VALUES ('469', null, null, '皮具护理', '462', null, '皮具护理', '100', '.421.462.469.', '0', '皮具护理', '皮具护理', null);
INSERT INTO `t_product_type` VALUES ('470', null, null, '蔬果洗涤', '462', null, '蔬果洗涤', '100', '.421.462.470.', '0', '蔬果洗涤', '蔬果洗涤', null);
INSERT INTO `t_product_type` VALUES ('471', null, null, '个护电器', '421', null, '个护电器', '100', '.421.471.', '0', '个护电器', '个护电器', null);
INSERT INTO `t_product_type` VALUES ('472', null, null, '理发器', '471', null, '理发器', '100', '.421.471.472.', '0', '理发器', '理发器', null);
INSERT INTO `t_product_type` VALUES ('473', null, null, '电子称', '471', null, '电子称', '100', '.421.471.473.', '0', '电子称', '电子称', null);
INSERT INTO `t_product_type` VALUES ('474', null, null, '美容仪', '471', null, '美容仪', '100', '.421.471.474.', '0', '美容仪', '美容仪', null);
INSERT INTO `t_product_type` VALUES ('475', null, null, '按摩椅', '471', null, '按摩椅', '100', '.421.471.475.', '0', '按摩椅', '按摩椅', null);
INSERT INTO `t_product_type` VALUES ('476', null, null, '按摩披肩', '471', null, '按摩披肩', '100', '.421.471.476.', '0', '按摩披肩', '按摩披肩', null);
INSERT INTO `t_product_type` VALUES ('477', null, null, '血压计', '471', null, '血压计', '100', '.421.471.477.', '0', '血压计', '血压计', null);
INSERT INTO `t_product_type` VALUES ('478', null, null, '足浴器', '471', null, '足浴器', '100', '.421.471.478.', '0', '足浴器', '足浴器', null);
INSERT INTO `t_product_type` VALUES ('479', null, null, '电动牙刷', '471', null, '电动牙刷', '100', '.421.471.479.', '0', '电动牙刷', '电动牙刷', null);
INSERT INTO `t_product_type` VALUES ('480', null, null, '家居 / 家装 / 厨具', '0', 'icon-jujia1', '家居 / 家装 / 厨具', '100', '.480.', '0', '家居 / 家装 / 厨具', '家居 / 家装 / 厨具', null);
INSERT INTO `t_product_type` VALUES ('481', null, null, '生活日用', '480', null, '生活日用', '100', '.480.481.', '0', '生活日用', '生活日用', null);
INSERT INTO `t_product_type` VALUES ('482', null, null, '床上用品', '481', null, '床上用品', '100', '.480.481.482.', '0', '床上用品', '床上用品', null);
INSERT INTO `t_product_type` VALUES ('483', null, null, '雨伞雨具', '481', null, '雨伞雨具', '100', '.480.481.483.', '0', '雨伞雨具', '雨伞雨具', null);
INSERT INTO `t_product_type` VALUES ('484', null, null, '浴室用品', '481', null, '浴室用品', '100', '.480.481.484.', '0', '浴室用品', '浴室用品', null);
INSERT INTO `t_product_type` VALUES ('485', null, null, '缝纫/针织用品', '481', null, '缝纫/针织用品', '100', '.480.481.485.', '0', '缝纫/针织用品', '缝纫/针织用品', null);
INSERT INTO `t_product_type` VALUES ('486', null, null, '洗晒/熨烫', '481', null, '洗晒/熨烫', '100', '.480.481.486.', '0', '洗晒/熨烫', '洗晒/熨烫', null);
INSERT INTO `t_product_type` VALUES ('487', null, null, '净化除味', '481', null, '净化除味', '100', '.480.481.487.', '0', '净化除味', '净化除味', null);
INSERT INTO `t_product_type` VALUES ('488', null, null, '清洁工具', '481', null, '清洁工具', '100', '.480.481.488.', '0', '清洁工具', '清洁工具', null);
INSERT INTO `t_product_type` VALUES ('489', null, null, '家装建材', '480', null, '家装建材', '100', '.480.489.', '0', '家装建材', '家装建材', null);
INSERT INTO `t_product_type` VALUES ('490', null, null, '灯饰照明', '489', null, '灯饰照明', '100', '.480.489.490.', '0', '灯饰照明', '灯饰照明', null);
INSERT INTO `t_product_type` VALUES ('491', null, null, '厨房卫浴', '489', null, '厨房卫浴', '100', '.480.489.491.', '0', '厨房卫浴', '厨房卫浴', null);
INSERT INTO `t_product_type` VALUES ('492', null, null, '五金工具', '489', null, '五金工具', '100', '.480.489.492.', '0', '五金工具', '五金工具', null);
INSERT INTO `t_product_type` VALUES ('493', null, null, '电工电料', '489', null, '电工电料', '100', '.480.489.493.', '0', '电工电料', '电工电料', null);
INSERT INTO `t_product_type` VALUES ('494', null, null, '墙纸', '489', null, '墙纸', '100', '.480.489.494.', '0', '墙纸', '墙纸', null);
INSERT INTO `t_product_type` VALUES ('495', null, null, '墙地面材料', '489', null, '墙地面材料', '100', '.480.489.495.', '0', '墙地面材料', '墙地面材料', null);
INSERT INTO `t_product_type` VALUES ('496', null, null, '装饰材料', '489', null, '装饰材料', '100', '.480.489.496.', '0', '装饰材料', '装饰材料', null);
INSERT INTO `t_product_type` VALUES ('497', null, null, '装修服务', '489', null, '装修服务', '100', '.480.489.497.', '0', '装修服务', '装修服务', null);
INSERT INTO `t_product_type` VALUES ('498', null, null, '吸顶灯', '489', null, '吸顶灯', '100', '.480.489.498.', '0', '吸顶灯', '吸顶灯', null);
INSERT INTO `t_product_type` VALUES ('499', null, null, '家装软饰', '480', null, '家装软饰', '100', '.480.499.', '0', '家装软饰', '家装软饰', null);
INSERT INTO `t_product_type` VALUES ('500', null, null, '桌布/罩件', '499', null, '桌布/罩件', '100', '.480.499.500.', '0', '桌布/罩件', '桌布/罩件', null);
INSERT INTO `t_product_type` VALUES ('501', null, null, '地毯地垫', '499', null, '地毯地垫', '100', '.480.499.501.', '0', '地毯地垫', '地毯地垫', null);
INSERT INTO `t_product_type` VALUES ('502', null, null, '沙发垫套/椅垫', '499', null, '沙发垫套/椅垫', '100', '.480.499.502.', '0', '沙发垫套/椅垫', '沙发垫套/椅垫', null);
INSERT INTO `t_product_type` VALUES ('503', null, null, '帘艺隔断', '499', null, '帘艺隔断', '100', '.480.499.503.', '0', '帘艺隔断', '帘艺隔断', null);
INSERT INTO `t_product_type` VALUES ('504', null, null, '相框/照片墙', '499', null, '相框/照片墙', '100', '.480.499.504.', '0', '相框/照片墙', '相框/照片墙', null);
INSERT INTO `t_product_type` VALUES ('505', null, null, '装饰字画', '499', null, '装饰字画', '100', '.480.499.505.', '0', '装饰字画', '装饰字画', null);
INSERT INTO `t_product_type` VALUES ('506', null, null, '墙贴/装饰贴', '499', null, '墙贴/装饰贴', '100', '.480.499.506.', '0', '墙贴/装饰贴', '墙贴/装饰贴', null);
INSERT INTO `t_product_type` VALUES ('507', null, null, '节庆饰品', '499', null, '节庆饰品', '100', '.480.499.507.', '0', '节庆饰品', '节庆饰品', null);
INSERT INTO `t_product_type` VALUES ('508', null, null, '手工/十字绣', '499', null, '手工/十字绣', '100', '.480.499.508.', '0', '手工/十字绣', '手工/十字绣', null);
INSERT INTO `t_product_type` VALUES ('509', null, null, '钟饰', '499', null, '钟饰', '100', '.480.499.509.', '0', '钟饰', '钟饰', null);
INSERT INTO `t_product_type` VALUES ('510', null, null, '装饰摆件', '499', null, '装饰摆件', '100', '.480.499.510.', '0', '装饰摆件', '装饰摆件', null);
INSERT INTO `t_product_type` VALUES ('511', null, null, '花瓶花艺', '499', null, '花瓶花艺', '100', '.480.499.511.', '0', '花瓶花艺', '花瓶花艺', null);
INSERT INTO `t_product_type` VALUES ('512', null, null, '创意家居', '499', null, '创意家居', '100', '.480.499.512.', '0', '创意家居', '创意家居', null);
INSERT INTO `t_product_type` VALUES ('513', null, null, '保暖防护', '499', null, '保暖防护', '100', '.480.499.513.', '0', '保暖防护', '保暖防护', null);
INSERT INTO `t_product_type` VALUES ('514', null, null, '香薰蜡烛', '499', null, '香薰蜡烛', '100', '.480.499.514.', '0', '香薰蜡烛', '香薰蜡烛', null);
INSERT INTO `t_product_type` VALUES ('515', null, null, '家具', '480', null, '家具', '100', '.480.515.', '0', '家具', '家具', null);
INSERT INTO `t_product_type` VALUES ('516', null, null, '卧室家具', '515', null, '卧室家具', '100', '.480.515.516.', '0', '卧室家具', '卧室家具', null);
INSERT INTO `t_product_type` VALUES ('517', null, null, '客厅家具', '515', null, '客厅家具', '100', '.480.515.517.', '0', '客厅家具', '客厅家具', null);
INSERT INTO `t_product_type` VALUES ('518', null, null, '餐厅家具', '515', null, '餐厅家具', '100', '.480.515.518.', '0', '餐厅家具', '餐厅家具', null);
INSERT INTO `t_product_type` VALUES ('519', null, null, '书房家具', '515', null, '书房家具', '100', '.480.515.519.', '0', '书房家具', '书房家具', null);
INSERT INTO `t_product_type` VALUES ('520', null, null, '储物家具', '515', null, '储物家具', '100', '.480.515.520.', '0', '储物家具', '储物家具', null);
INSERT INTO `t_product_type` VALUES ('521', null, null, '阳台/户外', '515', null, '阳台/户外', '100', '.480.515.521.', '0', '阳台/户外', '阳台/户外', null);
INSERT INTO `t_product_type` VALUES ('522', null, null, '商业办公', '515', null, '商业办公', '100', '.480.515.522.', '0', '商业办公', '商业办公', null);
INSERT INTO `t_product_type` VALUES ('523', null, null, '床', '515', null, '床', '100', '.480.515.523.', '0', '床', '床', null);
INSERT INTO `t_product_type` VALUES ('524', null, null, '床垫', '515', null, '床垫', '100', '.480.515.524.', '0', '床垫', '床垫', null);
INSERT INTO `t_product_type` VALUES ('525', null, null, '鞋架/衣帽架', '515', null, '鞋架/衣帽架', '100', '.480.515.525.', '0', '鞋架/衣帽架', '鞋架/衣帽架', null);
INSERT INTO `t_product_type` VALUES ('526', null, null, '灯具', '480', null, '灯具', '100', '.480.526.', '0', '灯具', '灯具', null);
INSERT INTO `t_product_type` VALUES ('527', null, null, '台灯', '526', null, '台灯', '100', '.480.526.527.', '0', '台灯', '台灯', null);
INSERT INTO `t_product_type` VALUES ('528', null, null, '吸顶灯', '526', null, '吸顶灯', '100', '.480.526.528.', '0', '吸顶灯', '吸顶灯', null);
INSERT INTO `t_product_type` VALUES ('529', null, null, '筒灯射灯', '526', null, '筒灯射灯', '100', '.480.526.529.', '0', '筒灯射灯', '筒灯射灯', null);
INSERT INTO `t_product_type` VALUES ('530', null, null, 'LDE灯', '526', null, 'LDE灯', '100', '.480.526.530.', '0', 'LDE灯', 'LDE灯', null);
INSERT INTO `t_product_type` VALUES ('531', null, null, '节能灯', '526', null, '节能灯', '100', '.480.526.531.', '0', '节能灯', '节能灯', null);
INSERT INTO `t_product_type` VALUES ('532', null, null, '落地灯', '526', null, '落地灯', '100', '.480.526.532.', '0', '落地灯', '落地灯', null);
INSERT INTO `t_product_type` VALUES ('533', null, null, '应急灯/手电', '526', null, '应急灯/手电', '100', '.480.526.533.', '0', '应急灯/手电', '应急灯/手电', null);
INSERT INTO `t_product_type` VALUES ('534', null, null, '装饰灯', '526', null, '装饰灯', '100', '.480.526.534.', '0', '装饰灯', '装饰灯', null);
INSERT INTO `t_product_type` VALUES ('535', null, null, '吊灯', '526', null, '吊灯', '100', '.480.526.535.', '0', '吊灯', '吊灯', null);
INSERT INTO `t_product_type` VALUES ('536', null, null, '氛围照明', '526', null, '氛围照明', '100', '.480.526.536.', '0', '氛围照明', '氛围照明', null);
INSERT INTO `t_product_type` VALUES ('537', null, null, '厨具', '480', null, '厨具', '100', '.480.537.', '0', '厨具', '厨具', null);
INSERT INTO `t_product_type` VALUES ('538', null, null, '烹饪锅具', '537', null, '烹饪锅具', '100', '.480.537.538.', '0', '烹饪锅具', '烹饪锅具', null);
INSERT INTO `t_product_type` VALUES ('539', null, null, '刀剪菜板', '537', null, '刀剪菜板', '100', '.480.537.539.', '0', '刀剪菜板', '刀剪菜板', null);
INSERT INTO `t_product_type` VALUES ('540', null, null, '厨房配件', '537', null, '厨房配件', '100', '.480.537.540.', '0', '厨房配件', '厨房配件', null);
INSERT INTO `t_product_type` VALUES ('541', null, null, '水具酒具', '537', null, '水具酒具', '100', '.480.537.541.', '0', '水具酒具', '水具酒具', null);
INSERT INTO `t_product_type` VALUES ('542', null, null, '餐具', '537', null, '餐具', '100', '.480.537.542.', '0', '餐具', '餐具', null);
INSERT INTO `t_product_type` VALUES ('543', null, null, '茶具/咖啡具', '537', null, '茶具/咖啡具', '100', '.480.537.543.', '0', '茶具/咖啡具', '茶具/咖啡具', null);
INSERT INTO `t_product_type` VALUES ('544', null, null, '珠宝 / 礼品 / 钟表', '0', 'icon-zhubaoshipin', '珠宝 / 礼品 / 钟表 ', '100', '.544.', '0', '珠宝 / 礼品 / 钟表', '珠宝 / 礼品 / 钟表', null);
INSERT INTO `t_product_type` VALUES ('545', null, null, '珠宝首饰', '544', null, '珠宝首饰', '100', '.544.545.', '0', '珠宝首饰', '珠宝首饰', null);
INSERT INTO `t_product_type` VALUES ('546', null, null, '时尚饰品', '545', null, '时尚饰品', '100', '.544.545.546.', '0', '时尚饰品', '时尚饰品', null);
INSERT INTO `t_product_type` VALUES ('547', null, null, '钻石', '545', null, '钻石', '100', '.544.545.547.', '0', '钻石', '钻石', null);
INSERT INTO `t_product_type` VALUES ('548', null, null, '翡翠玉石', '545', null, '翡翠玉石', '100', '.544.545.548.', '0', '翡翠玉石', '翡翠玉石', null);
INSERT INTO `t_product_type` VALUES ('549', null, null, '纯金K金饰品', '545', null, '纯金K金饰品', '100', '.544.545.549.', '0', '纯金K金饰品', '纯金K金饰品', null);
INSERT INTO `t_product_type` VALUES ('550', null, null, '金银投资', '545', null, '金银投资', '100', '.544.545.550.', '0', '金银投资', '金银投资', null);
INSERT INTO `t_product_type` VALUES ('551', null, null, '银饰', '545', null, '银饰', '100', '.544.545.551.', '0', '银饰', '银饰', null);
INSERT INTO `t_product_type` VALUES ('552', null, null, '水晶玛瑙', '545', null, '水晶玛瑙', '100', '.544.545.552.', '0', '水晶玛瑙', '水晶玛瑙', null);
INSERT INTO `t_product_type` VALUES ('553', null, null, '彩宝', '545', null, '彩宝', '100', '.544.545.553.', '0', '彩宝', '彩宝', null);
INSERT INTO `t_product_type` VALUES ('554', null, null, '铂金', '545', null, '铂金', '100', '.544.545.554.', '0', '铂金', '铂金', null);
INSERT INTO `t_product_type` VALUES ('555', null, null, '天然木饰', '545', null, '天然木饰', '100', '.544.545.555.', '0', '天然木饰', '天然木饰', null);
INSERT INTO `t_product_type` VALUES ('556', null, null, '珍珠', '545', null, '珍珠', '100', '.544.545.556.', '0', '珍珠', '珍珠', null);
INSERT INTO `t_product_type` VALUES ('557', null, null, '礼品', '544', null, '礼品', '100', '.544.557.', '0', '礼品', '礼品', null);
INSERT INTO `t_product_type` VALUES ('558', null, null, '火机烟具', '557', null, '火机烟具', '100', '.544.557.558.', '0', '火机烟具', '火机烟具', null);
INSERT INTO `t_product_type` VALUES ('559', null, null, '军刀军具', '557', null, '军刀军具', '100', '.544.557.559.', '0', '军刀军具', '军刀军具', null);
INSERT INTO `t_product_type` VALUES ('560', null, null, '美妆礼品', '557', null, '美妆礼品', '100', '.544.557.560.', '0', '美妆礼品', '美妆礼品', null);
INSERT INTO `t_product_type` VALUES ('561', null, null, '工艺礼品', '557', null, '工艺礼品', '100', '.544.557.561.', '0', '工艺礼品', '工艺礼品', null);
INSERT INTO `t_product_type` VALUES ('562', null, null, '礼盒礼券', '557', null, '礼盒礼券', '100', '.544.557.562.', '0', '礼盒礼券', '礼盒礼券', null);
INSERT INTO `t_product_type` VALUES ('563', null, null, '礼品文具', '557', null, '礼品文具', '100', '.544.557.563.', '0', '礼品文具', '礼品文具', null);
INSERT INTO `t_product_type` VALUES ('564', null, null, '收藏品', '557', null, '收藏品', '100', '.544.557.564.', '0', '收藏品', '收藏品', null);
INSERT INTO `t_product_type` VALUES ('565', null, null, '古董把玩', '557', null, '古董把玩', '100', '.544.557.565.', '0', '古董把玩', '古董把玩', null);
INSERT INTO `t_product_type` VALUES ('566', null, null, '礼品定制', '557', null, '礼品定制', '100', '.544.557.566.', '0', '礼品定制', '礼品定制', null);
INSERT INTO `t_product_type` VALUES ('567', null, null, '创意礼品', '557', null, '创意礼品', '100', '.544.557.567.', '0', '创意礼品', '创意礼品', null);
INSERT INTO `t_product_type` VALUES ('568', null, null, '婚庆用品', '557', null, '婚庆用品', '100', '.544.557.568.', '0', '婚庆用品', '婚庆用品', null);
INSERT INTO `t_product_type` VALUES ('569', null, null, '钟表', '544', null, '钟表', '100', '.544.569.', '0', '钟表', '钟表', null);
INSERT INTO `t_product_type` VALUES ('570', null, null, '男表', '569', null, '男表', '100', '.544.569.570.', '0', '男表', '男表', null);
INSERT INTO `t_product_type` VALUES ('571', null, null, '女表', '569', null, '女表', '100', '.544.569.571.', '0', '女表', '女表', null);
INSERT INTO `t_product_type` VALUES ('572', null, null, '儿童表', '569', null, '儿童表', '100', '.544.569.572.', '0', '儿童表', '儿童表', null);
INSERT INTO `t_product_type` VALUES ('573', null, null, '座钟挂钟', '569', null, '座钟挂钟', '100', '.544.569.573.', '0', '座钟挂钟', '座钟挂钟', null);
INSERT INTO `t_product_type` VALUES ('574', null, null, '图书 / 音像 / 杂志', '0', 'icon-shuji', '图书 / 音像 / 杂志', '100', '.574.', '0', '图书 / 音像 / 杂志', '图书 / 音像 / 杂志', null);
INSERT INTO `t_product_type` VALUES ('575', null, null, '音像', '574', null, '音像', '100', '.574.575.', '0', '音像', '音像', null);
INSERT INTO `t_product_type` VALUES ('576', null, null, '音乐', '575', null, '音乐', '100', '.574.575.576.', '0', '音乐', '音乐', null);
INSERT INTO `t_product_type` VALUES ('577', null, null, '影视', '575', null, '影视', '100', '.574.575.577.', '0', '影视', '影视', null);
INSERT INTO `t_product_type` VALUES ('578', null, null, '教育音像', '575', null, '教育音像', '100', '.574.575.578.', '0', '教育音像', '教育音像', null);
INSERT INTO `t_product_type` VALUES ('579', null, null, '游戏', '575', null, '游戏', '100', '.574.575.579.', '0', '游戏', '游戏', null);
INSERT INTO `t_product_type` VALUES ('580', null, null, '影视/动漫周边', '575', null, '影视/动漫周边', '100', '.574.575.580.', '0', '影视/动漫周边', '影视/动漫周边', null);
INSERT INTO `t_product_type` VALUES ('581', null, null, '少儿', '574', null, '少儿', '100', '.574.581.', '0', '少儿', '少儿', null);
INSERT INTO `t_product_type` VALUES ('582', null, null, '0-2岁', '581', null, '0-2岁', '100', '.574.581.582.', '0', '0-2岁', '0-2岁', null);
INSERT INTO `t_product_type` VALUES ('583', null, null, '3-6岁', '581', null, '3-6岁', '100', '.574.581.583.', '0', '3-6岁', '3-6岁', null);
INSERT INTO `t_product_type` VALUES ('584', null, null, '7-10岁', '581', null, '7-10岁', '100', '.574.581.584.', '0', '7-10岁', '7-10岁', null);
INSERT INTO `t_product_type` VALUES ('585', null, null, '11-14岁', '581', null, '11-14岁', '100', '.574.581.585.', '0', '11-14岁', '11-14岁', null);
INSERT INTO `t_product_type` VALUES ('586', null, null, '儿童读物', '581', null, '儿童读物', '100', '.574.581.586.', '0', '儿童读物', '儿童读物', null);
INSERT INTO `t_product_type` VALUES ('587', null, null, '绘本', '581', null, '绘本', '100', '.574.581.587.', '0', '绘本', '绘本', null);
INSERT INTO `t_product_type` VALUES ('588', null, null, '科普', '581', null, '科普', '100', '.574.581.588.', '0', '科普', '科普', null);
INSERT INTO `t_product_type` VALUES ('589', null, null, '幼儿启蒙', '581', null, '幼儿启蒙', '100', '.574.581.589.', '0', '幼儿启蒙', '幼儿启蒙', null);
INSERT INTO `t_product_type` VALUES ('590', null, null, '手工游戏', '581', null, '手工游戏', '100', '.574.581.590.', '0', '手工游戏', '手工游戏', null);
INSERT INTO `t_product_type` VALUES ('591', null, null, '智力开发', '581', null, '智力开发', '100', '.574.581.591.', '0', '智力开发', '智力开发', null);
INSERT INTO `t_product_type` VALUES ('592', null, null, '教育', '574', null, '教育', '100', '.574.592.', '0', '教育', '教育', null);
INSERT INTO `t_product_type` VALUES ('593', null, null, '教材', '592', null, '教材', '100', '.574.592.593.', '0', '教材', '教材', null);
INSERT INTO `t_product_type` VALUES ('594', null, null, '中小学辅导', '592', null, '中小学辅导', '100', '.574.592.594.', '0', '中小学辅导', '中小学辅导', null);
INSERT INTO `t_product_type` VALUES ('595', null, null, '考试', '592', null, '考试', '100', '.574.592.595.', '0', '考试', '考试', null);
INSERT INTO `t_product_type` VALUES ('596', null, null, '外语学习', '592', null, '外语学习', '100', '.574.592.596.', '0', '外语学习', '外语学习', null);
INSERT INTO `t_product_type` VALUES ('597', null, null, '字典词典', '592', null, '字典词典', '100', '.574.592.597.', '0', '字典词典', '字典词典', null);
INSERT INTO `t_product_type` VALUES ('598', null, null, '文艺', '574', null, '文艺', '100', '.574.598.', '0', '文艺', '文艺', null);
INSERT INTO `t_product_type` VALUES ('599', null, null, '小时', '598', null, '小时', '100', '.574.598.599.', '0', '小时', '小时', null);
INSERT INTO `t_product_type` VALUES ('600', null, null, '文学', '598', null, '文学', '100', '.574.598.600.', '0', '文学', '文学', null);
INSERT INTO `t_product_type` VALUES ('601', null, null, '青春文学', '598', null, '青春文学', '100', '.574.598.601.', '0', '青春文学', '青春文学', null);
INSERT INTO `t_product_type` VALUES ('602', null, null, '传记', '598', null, '传记', '100', '.574.598.602.', '0', '传记', '传记', null);
INSERT INTO `t_product_type` VALUES ('603', null, null, '动漫', '598', null, '动漫', '100', '.574.598.603.', '0', '动漫', '动漫', null);
INSERT INTO `t_product_type` VALUES ('604', null, null, '艺术', '598', null, '艺术', '100', '.574.598.604.', '0', '艺术', '艺术', null);
INSERT INTO `t_product_type` VALUES ('605', null, null, '摄影', '598', null, '摄影', '100', '.574.598.605.', '0', '摄影', '摄影', null);
INSERT INTO `t_product_type` VALUES ('606', null, null, '经管励志', '574', null, '经管励志', '100', '.574.606.', '0', '经管励志', '经管励志', null);
INSERT INTO `t_product_type` VALUES ('607', null, null, '管理', '606', null, '管理', '100', '.574.606.607.', '0', '管理', '管理', null);
INSERT INTO `t_product_type` VALUES ('608', null, null, '金融与投资', '606', null, '金融与投资', '100', '.574.606.608.', '0', '金融与投资', '金融与投资', null);
INSERT INTO `t_product_type` VALUES ('609', null, null, '经济', '606', null, '经济', '100', '.574.606.609.', '0', '经济', '经济', null);
INSERT INTO `t_product_type` VALUES ('610', null, null, '励志与成功', '606', null, '励志与成功', '100', '.574.606.610.', '0', '励志与成功', '励志与成功', null);
INSERT INTO `t_product_type` VALUES ('611', null, null, '人文社科', '574', null, '人文社科', '100', '.574.611.', '0', '人文社科', '人文社科', null);
INSERT INTO `t_product_type` VALUES ('612', null, null, '历史', '611', null, '历史', '100', '.574.611.612.', '0', '历史', '历史', null);
INSERT INTO `t_product_type` VALUES ('613', null, null, '心理学', '611', null, '心理学', '100', '.574.611.613.', '0', '心理学', '心理学', null);
INSERT INTO `t_product_type` VALUES ('614', null, null, '政治/军事', '611', null, '政治/军事', '100', '.574.611.614.', '0', '政治/军事', '政治/军事', null);
INSERT INTO `t_product_type` VALUES ('615', null, null, '国学/古籍', '611', null, '国学/古籍', '100', '.574.611.615.', '0', '国学/古籍', '国学/古籍', null);
INSERT INTO `t_product_type` VALUES ('616', null, null, '哲学/宗教', '611', null, '哲学/宗教', '100', '.574.611.616.', '0', '哲学/宗教', '哲学/宗教', null);
INSERT INTO `t_product_type` VALUES ('617', null, null, '社会科学', '611', null, '社会科学', '100', '.574.611.617.', '0', '社会科学', '社会科学', null);
INSERT INTO `t_product_type` VALUES ('618', null, null, '法律', '611', null, '法律', '100', '.574.611.618.', '0', '法律', '法律', null);
INSERT INTO `t_product_type` VALUES ('619', null, null, '文化', '611', null, '文化', '100', '.574.611.619.', '0', '文化', '文化', null);
INSERT INTO `t_product_type` VALUES ('620', null, null, '生活', '574', null, '生活', '100', '.574.620.', '0', '生活', '生活', null);
INSERT INTO `t_product_type` VALUES ('621', null, null, '教育与育儿', '620', null, '教育与育儿', '100', '.574.620.621.', '0', '教育与育儿', '教育与育儿', null);
INSERT INTO `t_product_type` VALUES ('622', null, null, '孕产', '620', null, '孕产', '100', '.574.620.622.', '0', '孕产', '孕产', null);
INSERT INTO `t_product_type` VALUES ('623', null, null, '健身保健', '620', null, '健身保健', '100', '.574.620.623.', '0', '健身保健', '健身保健', null);
INSERT INTO `t_product_type` VALUES ('624', null, null, '旅游/地图', '620', null, '旅游/地图', '100', '.574.620.624.', '0', '旅游/地图', '旅游/地图', null);
INSERT INTO `t_product_type` VALUES ('625', null, null, '美食', '620', null, '美食', '100', '.574.620.625.', '0', '美食', '美食', null);
INSERT INTO `t_product_type` VALUES ('626', null, null, '时尚美妆', '620', null, '时尚美妆', '100', '.574.620.626.', '0', '时尚美妆', '时尚美妆', null);
INSERT INTO `t_product_type` VALUES ('627', null, null, '家居', '620', null, '家居', '100', '.574.620.627.', '0', '家居', '家居', null);
INSERT INTO `t_product_type` VALUES ('628', null, null, '手工DIY', '620', null, '手工DIY', '100', '.574.620.628.', '0', '手工DIY', '手工DIY', null);
INSERT INTO `t_product_type` VALUES ('629', null, null, '两性', '620', null, '两性', '100', '.574.620.629.', '0', '两性', '两性', null);
INSERT INTO `t_product_type` VALUES ('630', null, null, '体育', '620', null, '体育', '100', '.574.620.630.', '0', '体育', '体育', null);
INSERT INTO `t_product_type` VALUES ('631', null, null, '科技', '574', null, '科技', '100', '.574.631.', '0', '科技', '科技', null);
INSERT INTO `t_product_type` VALUES ('632', null, null, '计算机与互联网', '631', null, '计算机与互联网', '100', '.574.631.632.', '0', '计算机与互联网', '计算机与互联网', null);
INSERT INTO `t_product_type` VALUES ('633', null, null, '科普', '631', null, '科普', '100', '.574.631.633.', '0', '科普', '科普', null);
INSERT INTO `t_product_type` VALUES ('634', null, null, '建筑', '631', null, '建筑', '100', '.574.631.634.', '0', '建筑', '建筑', null);
INSERT INTO `t_product_type` VALUES ('635', null, null, '工业技术', '631', null, '工业技术', '100', '.574.631.635.', '0', '工业技术', '工业技术', null);
INSERT INTO `t_product_type` VALUES ('636', null, null, '电子/通信', '631', null, '电子/通信', '100', '.574.631.636.', '0', '电子/通信', '电子/通信', null);
INSERT INTO `t_product_type` VALUES ('637', null, null, '医学', '631', null, '医学', '100', '.574.631.637.', '0', '医学', '医学', null);
INSERT INTO `t_product_type` VALUES ('638', null, null, '科学与自然', '631', null, '科学与自然', '100', '.574.631.638.', '0', '科学与自然', '科学与自然', null);
INSERT INTO `t_product_type` VALUES ('639', null, null, '农林', '631', null, '农林', '100', '.574.631.639.', '0', '农林', '农林', null);
INSERT INTO `t_product_type` VALUES ('640', null, null, '公务员考试', '595', null, '公务员考试', '100', null, '0', '公务员考试', '公务员考试', null);
INSERT INTO `t_product_type` VALUES ('641', null, null, '会计类', '595', null, '会计类', '100', null, '0', '会计类', '会计类', null);
INSERT INTO `t_product_type` VALUES ('642', null, null, '计算机考试', '595', null, '计算机考试', '100', null, '0', '计算机考试', '计算机考试', null);
INSERT INTO `t_product_type` VALUES ('643', null, null, '司法考试', '595', null, '司法考试', '100', null, '0', '司法考试', '司法考试', null);
INSERT INTO `t_product_type` VALUES ('644', null, null, '医学类', '595', null, '医学类', '100', null, '0', '医学类', '医学类', null);
INSERT INTO `t_product_type` VALUES ('645', null, null, '法律类', '595', null, '法律类', '100', null, '0', '法律类', '法律类', null);
INSERT INTO `t_product_type` VALUES ('646', null, null, '成人高考/自考', '595', null, '成人高考/自考', '100', null, '0', '成人高考/自考', '成人高考/自考', null);
INSERT INTO `t_product_type` VALUES ('647', null, null, '自他资格/职称', '595', null, '自他资格/职称', '100', null, '0', '自他资格/职称', '自他资格/职称', null);
INSERT INTO `t_product_type` VALUES ('648', null, null, '银行类考试', '595', null, '银行类考试', '100', null, '0', '银行类考试', '银行类考试', null);
INSERT INTO `t_product_type` VALUES ('649', null, null, '教师类考试', '595', null, '教师类考试', '100', null, '0', '教师类考试', '教师类考试', null);
INSERT INTO `t_product_type` VALUES ('650', null, null, '刊/原版', '574', null, '刊/原版', '100', '.574.650.', '0', '刊/原版', '刊/原版', null);
INSERT INTO `t_product_type` VALUES ('651', null, null, '杂志/期刊', '650', null, '杂志/期刊', '100', '.574.650.651.', '0', '杂志/期刊', '杂志/期刊', null);
INSERT INTO `t_product_type` VALUES ('652', null, null, '英文原版书', '650', null, '英文原版书', '100', '.574.650.652.', '0', '英文原版书', '英文原版书', null);
INSERT INTO `t_product_type` VALUES ('653', null, null, '港台图书', '650', null, '港台图书', '100', '.574.650.653.', '0', '港台图书', '港台图书', null);
INSERT INTO `t_product_type` VALUES ('654', null, null, '办公 / 设备 / 耗材', '0', 'icon-xingcheng', '办公 / 设备 / 耗材', '100', '.654.', '0', '办公 / 设备 / 耗材', '办公 / 设备 / 耗材', null);
INSERT INTO `t_product_type` VALUES ('655', null, null, '办公设备', '654', null, '办公设备', '100', '.654.655.', '0', '办公设备', '办公设备', null);
INSERT INTO `t_product_type` VALUES ('656', null, null, '摄影机', '655', null, '摄影机', '100', '.654.655.656.', '0', '摄影机', '摄影机', null);
INSERT INTO `t_product_type` VALUES ('657', null, null, '投影配件', '655', null, '投影配件', '100', '.654.655.657.', '0', '投影配件', '投影配件', null);
INSERT INTO `t_product_type` VALUES ('658', null, null, '多功能一体机', '655', null, '多功能一体机', '100', '.654.655.658.', '0', '多功能一体机', '多功能一体机', null);
INSERT INTO `t_product_type` VALUES ('659', null, null, '打印机', '655', null, '打印机', '100', '.654.655.659.', '0', '打印机', '打印机', null);
INSERT INTO `t_product_type` VALUES ('660', null, null, '传真设备', '655', null, '传真设备', '100', '.654.655.660.', '0', '传真设备', '传真设备', null);
INSERT INTO `t_product_type` VALUES ('661', null, null, '验钞/点钞机', '655', null, '验钞/点钞机', '100', '.654.655.661.', '0', '验钞/点钞机', '验钞/点钞机', null);
INSERT INTO `t_product_type` VALUES ('662', null, null, '扫描设备', '655', null, '扫描设备', '100', '.654.655.662.', '0', '扫描设备', '扫描设备', null);
INSERT INTO `t_product_type` VALUES ('663', null, null, '复合机', '655', null, '复合机', '100', '.654.655.663.', '0', '复合机', '复合机', null);
INSERT INTO `t_product_type` VALUES ('664', null, null, '碎纸机', '655', null, '碎纸机', '100', '.654.655.664.', '0', '碎纸机', '碎纸机', null);
INSERT INTO `t_product_type` VALUES ('665', null, null, '考勤机', '655', null, '考勤机', '100', '.654.655.665.', '0', '考勤机', '考勤机', null);
INSERT INTO `t_product_type` VALUES ('666', null, null, '收款/POS机', '655', null, '收款/POS机', '100', '.654.655.666.', '0', '收款/POS机', '收款/POS机', null);
INSERT INTO `t_product_type` VALUES ('667', null, null, '会议音频视频', '655', null, '会议音频视频', '100', '.654.655.667.', '0', '会议音频视频', '会议音频视频', null);
INSERT INTO `t_product_type` VALUES ('668', null, null, '保险柜', '655', null, '保险柜', '100', '.654.655.668.', '0', '保险柜', '保险柜', null);
INSERT INTO `t_product_type` VALUES ('669', null, null, '装订/封装机', '655', null, '装订/封装机', '100', '.654.655.669.', '0', '装订/封装机', '装订/封装机', null);
INSERT INTO `t_product_type` VALUES ('670', null, null, '安防监控', '655', null, '安防监控', '100', '.654.655.670.', '0', '安防监控', '安防监控', null);
INSERT INTO `t_product_type` VALUES ('671', null, null, '办公家具', '655', null, '办公家具', '100', '.654.655.671.', '0', '办公家具', '办公家具', null);
INSERT INTO `t_product_type` VALUES ('672', null, null, '白板', '655', null, '白板', '100', '.654.655.672.', '0', '白板', '白板', null);
INSERT INTO `t_product_type` VALUES ('673', null, null, '文具耗材', '654', null, '文具耗材', '100', '.654.673.', '0', '文具耗材', '文具耗材', null);
INSERT INTO `t_product_type` VALUES ('674', null, null, '硒鼓/墨粉', '673', null, '硒鼓/墨粉', '100', '.654.673.674.', '0', '硒鼓/墨粉', '硒鼓/墨粉', null);
INSERT INTO `t_product_type` VALUES ('675', null, null, '墨盒', '673', null, '墨盒', '100', '.654.673.675.', '0', '墨盒', '墨盒', null);
INSERT INTO `t_product_type` VALUES ('676', null, null, '色带', '673', null, '色带', '100', '.654.673.676.', '0', '色带', '色带', null);
INSERT INTO `t_product_type` VALUES ('677', null, null, '纸类', '673', null, '纸类', '100', '.654.673.677.', '0', '纸类', '纸类', null);
INSERT INTO `t_product_type` VALUES ('678', null, null, '办公文具', '673', null, '办公文具', '100', '.654.673.678.', '0', '办公文具', '办公文具', null);
INSERT INTO `t_product_type` VALUES ('679', null, null, '学生文具', '673', null, '学生文具', '100', '.654.673.679.', '0', '学生文具', '学生文具', null);
INSERT INTO `t_product_type` VALUES ('680', null, null, '文件管理', '673', null, '文件管理', '100', '.654.673.680.', '0', '文件管理', '文件管理', null);
INSERT INTO `t_product_type` VALUES ('681', null, null, '本册/便签', '673', null, '本册/便签', '100', '.654.673.681.', '0', '本册/便签', '本册/便签', null);
INSERT INTO `t_product_type` VALUES ('682', null, null, '计算器', '673', null, '计算器', '100', '.654.673.682.', '0', '计算器', '计算器', null);
INSERT INTO `t_product_type` VALUES ('683', null, null, '笔类', '673', null, '笔类', '100', '.654.673.683.', '0', '笔类', '笔类', null);
INSERT INTO `t_product_type` VALUES ('684', null, null, '画具画材', '673', null, '画具画材', '100', '.654.673.684.', '0', '画具画材', '画具画材', null);
INSERT INTO `t_product_type` VALUES ('685', null, null, '财会用品', '673', null, '财会用品', '100', '.654.673.685.', '0', '财会用品', '财会用品', null);
INSERT INTO `t_product_type` VALUES ('686', null, null, '刻录碟片/附件', '673', null, '刻录碟片/附件', '100', '.654.673.686.', '0', '刻录碟片/附件', '刻录碟片/附件', null);
INSERT INTO `t_product_type` VALUES ('687', null, null, '母婴 / 玩具 / 乐器', '0', 'icon-chongwu', '母婴 / 玩具 / 乐器 ', '100', '.687.', '0', '母婴 / 玩具 / 乐器', '母婴 / 玩具 / 乐器', null);
INSERT INTO `t_product_type` VALUES ('688', null, null, '奶粉', '687', null, '奶粉', '100', '.687.688.', '0', '奶粉', '奶粉', null);
INSERT INTO `t_product_type` VALUES ('689', null, null, '婴幼奶粉', '688', null, '婴幼奶粉', '100', '.687.688.689.', '0', '婴幼奶粉', '婴幼奶粉', null);
INSERT INTO `t_product_type` VALUES ('690', null, null, '成人奶粉', '688', null, '成人奶粉', '100', '.687.688.690.', '0', '成人奶粉', '成人奶粉', null);
INSERT INTO `t_product_type` VALUES ('691', null, null, '营养辅食', '687', null, '营养辅食', '100', '.687.691.', '0', '营养辅食', '营养辅食', null);
INSERT INTO `t_product_type` VALUES ('692', null, null, 'DHA', '691', null, 'DHA', '100', '.687.691.692.', '0', 'DHA', 'DHA', null);
INSERT INTO `t_product_type` VALUES ('693', null, null, '钙铁锌/维生素', '691', null, '钙铁锌/维生素', '100', '.687.691.693.', '0', '钙铁锌/维生素', '钙铁锌/维生素', null);
INSERT INTO `t_product_type` VALUES ('694', null, null, '益生菌/初乳', '691', null, '益生菌/初乳', '100', '.687.691.694.', '0', '益生菌/初乳', '益生菌/初乳', null);
INSERT INTO `t_product_type` VALUES ('695', null, null, '清火/开胃', '691', null, '清火/开胃', '100', '.687.691.695.', '0', '清火/开胃', '清火/开胃', null);
INSERT INTO `t_product_type` VALUES ('696', null, null, '米粉/菜粉', '691', null, '米粉/菜粉', '100', '.687.691.696.', '0', '米粉/菜粉', '米粉/菜粉', null);
INSERT INTO `t_product_type` VALUES ('697', null, null, '果泥/果汁', '691', null, '果泥/果汁', '100', '.687.691.697.', '0', '果泥/果汁', '果泥/果汁', null);
INSERT INTO `t_product_type` VALUES ('698', null, null, '面条/粥', '691', null, '面条/粥', '100', '.687.691.698.', '0', '面条/粥', '面条/粥', null);
INSERT INTO `t_product_type` VALUES ('699', null, null, '宝宝零食', '691', null, '宝宝零食', '100', '.687.691.699.', '0', '宝宝零食', '宝宝零食', null);
INSERT INTO `t_product_type` VALUES ('700', null, null, '尿裤湿巾', '687', null, '尿裤湿巾', '100', '.687.700.', '0', '尿裤湿巾', '尿裤湿巾', null);
INSERT INTO `t_product_type` VALUES ('701', null, null, '婴儿尿裤', '700', null, '婴儿尿裤', '100', '.687.700.701.', '0', '婴儿尿裤', '婴儿尿裤', null);
INSERT INTO `t_product_type` VALUES ('702', null, null, '拉拉裤', '700', null, '拉拉裤', '100', '.687.700.702.', '0', '拉拉裤', '拉拉裤', null);
INSERT INTO `t_product_type` VALUES ('703', null, null, '成人尿裤', '700', null, '成人尿裤', '100', '.687.700.703.', '0', '成人尿裤', '成人尿裤', null);
INSERT INTO `t_product_type` VALUES ('704', null, null, '湿巾', '700', null, '湿巾', '100', '.687.700.704.', '0', '湿巾', '湿巾', null);
INSERT INTO `t_product_type` VALUES ('705', null, null, '洗护用品', '687', null, '洗护用品', '100', '.687.705.', '0', '洗护用品', '洗护用品', null);
INSERT INTO `t_product_type` VALUES ('706', null, null, '宝宝护肤', '705', null, '宝宝护肤', '100', '.687.705.706.', '0', '宝宝护肤', '宝宝护肤', null);
INSERT INTO `t_product_type` VALUES ('707', null, null, '宝宝洗浴', '705', null, '宝宝洗浴', '100', '.687.705.707.', '0', '宝宝洗浴', '宝宝洗浴', null);
INSERT INTO `t_product_type` VALUES ('708', null, null, '理发器', '705', null, '理发器', '100', '.687.705.708.', '0', '理发器', '理发器', null);
INSERT INTO `t_product_type` VALUES ('709', null, null, '洗衣液/皂', '705', null, '洗衣液/皂', '100', '.687.705.709.', '0', '洗衣液/皂', '洗衣液/皂', null);
INSERT INTO `t_product_type` VALUES ('710', null, null, '奶瓶清洗', '705', null, '奶瓶清洗', '100', '.687.705.710.', '0', '奶瓶清洗', '奶瓶清洗', null);
INSERT INTO `t_product_type` VALUES ('711', null, null, '日常护理', '705', null, '日常护理', '100', '.687.705.711.', '0', '日常护理', '日常护理', null);
INSERT INTO `t_product_type` VALUES ('712', null, null, '坐便器', '705', null, '坐便器', '100', '.687.705.712.', '0', '坐便器', '坐便器', null);
INSERT INTO `t_product_type` VALUES ('713', null, null, '驱蚊防蚊', '705', null, '驱蚊防蚊', '100', '.687.705.713.', '0', '驱蚊防蚊', '驱蚊防蚊', null);
INSERT INTO `t_product_type` VALUES ('714', null, null, '喂养用品', '687', null, '喂养用品', '100', '.687.714.', '0', '喂养用品', '喂养用品', null);
INSERT INTO `t_product_type` VALUES ('715', null, null, '奶瓶奶嘴', '714', null, '奶瓶奶嘴', '100', '.687.714.715.', '0', '奶瓶奶嘴', '奶瓶奶嘴', null);
INSERT INTO `t_product_type` VALUES ('716', null, null, '吸奶器', '714', null, '吸奶器', '100', '.687.714.716.', '0', '吸奶器', '吸奶器', null);
INSERT INTO `t_product_type` VALUES ('717', null, null, '牙胶安抚', '714', null, '牙胶安抚', '100', '.687.714.717.', '0', '牙胶安抚', '牙胶安抚', null);
INSERT INTO `t_product_type` VALUES ('718', null, null, '暖奶消毒', '714', null, '暖奶消毒', '100', '.687.714.718.', '0', '暖奶消毒', '暖奶消毒', null);
INSERT INTO `t_product_type` VALUES ('719', null, null, '辅食料理机', '714', null, '辅食料理机', '100', '.687.714.719.', '0', '辅食料理机', '辅食料理机', null);
INSERT INTO `t_product_type` VALUES ('720', null, null, '碗盘叉勺', '714', null, '碗盘叉勺', '100', '.687.714.720.', '0', '碗盘叉勺', '碗盘叉勺', null);
INSERT INTO `t_product_type` VALUES ('721', null, null, '水壶水杯', '714', null, '水壶水杯', '100', '.687.714.721.', '0', '水壶水杯', '水壶水杯', null);
INSERT INTO `t_product_type` VALUES ('722', null, null, '童车童床', '687', null, '童车童床', '100', '.687.722.', '0', '童车童床', '童车童床', null);
INSERT INTO `t_product_type` VALUES ('723', null, null, '婴儿床', '722', null, '婴儿床', '100', '.687.722.723.', '0', '婴儿床', '婴儿床', null);
INSERT INTO `t_product_type` VALUES ('724', null, null, '婴儿推车', '722', null, '婴儿推车', '100', '.687.722.724.', '0', '婴儿推车', '婴儿推车', null);
INSERT INTO `t_product_type` VALUES ('725', null, null, '餐椅摇椅', '722', null, '餐椅摇椅', '100', '.687.722.725.', '0', '餐椅摇椅', '餐椅摇椅', null);
INSERT INTO `t_product_type` VALUES ('726', null, null, '学步车', '722', null, '学步车', '100', '.687.722.726.', '0', '学步车', '学步车', null);
INSERT INTO `t_product_type` VALUES ('727', null, null, '三轮车', '722', null, '三轮车', '100', '.687.722.727.', '0', '三轮车', '三轮车', null);
INSERT INTO `t_product_type` VALUES ('728', null, null, '自行车', '722', null, '自行车', '100', '.687.722.728.', '0', '自行车', '自行车', null);
INSERT INTO `t_product_type` VALUES ('729', null, null, '扭扭车', '722', null, '扭扭车', '100', '.687.722.729.', '0', '扭扭车', '扭扭车', null);
INSERT INTO `t_product_type` VALUES ('730', null, null, '滑板车', '722', null, '滑板车', '100', '.687.722.730.', '0', '滑板车', '滑板车', null);
INSERT INTO `t_product_type` VALUES ('731', null, null, '电动车', '722', null, '电动车', '100', '.687.722.731.', '0', '电动车', '电动车', null);
INSERT INTO `t_product_type` VALUES ('732', null, null, '安全座椅', '687', null, '安全座椅', '100', '.687.732.', '0', '安全座椅', '安全座椅', null);
INSERT INTO `t_product_type` VALUES ('733', null, null, '提篮式', '732', null, '提篮式', '100', '.687.732.733.', '0', '提篮式', '提篮式', null);
INSERT INTO `t_product_type` VALUES ('734', null, null, '安全座椅', '732', null, '安全座椅', '100', '.687.732.734.', '0', '安全座椅', '安全座椅', null);
INSERT INTO `t_product_type` VALUES ('735', null, null, '增高垫', '732', null, '增高垫', '100', '.687.732.735.', '0', '增高垫', '增高垫', null);
INSERT INTO `t_product_type` VALUES ('736', null, null, '寝居服饰', '687', null, '寝居服饰', '100', '.687.736.', '0', '寝居服饰', '寝居服饰', null);
INSERT INTO `t_product_type` VALUES ('737', null, null, '婴儿外出服', '736', null, '婴儿外出服', '100', '.687.736.737.', '0', '婴儿外出服', '婴儿外出服', null);
INSERT INTO `t_product_type` VALUES ('738', null, null, '婴儿内衣', '736', null, '婴儿内衣', '100', '.687.736.738.', '0', '婴儿内衣', '婴儿内衣', null);
INSERT INTO `t_product_type` VALUES ('739', null, null, '婴儿礼盒', '736', null, '婴儿礼盒', '100', '.687.736.739.', '0', '婴儿礼盒', '婴儿礼盒', null);
INSERT INTO `t_product_type` VALUES ('740', null, null, '婴儿鞋帽袜', '736', null, '婴儿鞋帽袜', '100', '.687.736.740.', '0', '婴儿鞋帽袜', '婴儿鞋帽袜', null);
INSERT INTO `t_product_type` VALUES ('741', null, null, '家居床品', '736', null, '家居床品', '100', '.687.736.741.', '0', '家居床品', '家居床品', null);
INSERT INTO `t_product_type` VALUES ('742', null, null, '安全防护', '736', null, '安全防护', '100', '.687.736.742.', '0', '安全防护', '安全防护', null);
INSERT INTO `t_product_type` VALUES ('743', null, null, '妈妈专区', '687', null, '妈妈专区', '100', '.687.743.', '0', '妈妈专区', '妈妈专区', null);
INSERT INTO `t_product_type` VALUES ('744', null, null, '孕妇装', '743', null, '孕妇装', '100', '.687.743.744.', '0', '孕妇装', '孕妇装', null);
INSERT INTO `t_product_type` VALUES ('745', null, null, '妈咪包/背婴带', '743', null, '妈咪包/背婴带', '100', '.687.743.745.', '0', '妈咪包/背婴带', '妈咪包/背婴带', null);
INSERT INTO `t_product_type` VALUES ('746', null, null, '产后塑身', '743', null, '产后塑身', '100', '.687.743.746.', '0', '产后塑身', '产后塑身', null);
INSERT INTO `t_product_type` VALUES ('747', null, null, '孕妈美容', '743', null, '孕妈美容', '100', '.687.743.747.', '0', '孕妈美容', '孕妈美容', null);
INSERT INTO `t_product_type` VALUES ('748', null, null, '文胸/内裤', '743', null, '文胸/内裤', '100', '.687.743.748.', '0', '文胸/内裤', '文胸/内裤', null);
INSERT INTO `t_product_type` VALUES ('749', null, null, '月子装', '743', null, '月子装', '100', '.687.743.749.', '0', '月子装', '月子装', null);
INSERT INTO `t_product_type` VALUES ('750', null, null, '待产/新生', '743', null, '待产/新生', '100', '.687.743.750.', '0', '待产/新生', '待产/新生', null);
INSERT INTO `t_product_type` VALUES ('751', null, null, '孕期营养', '743', null, '孕期营养', '100', '.687.743.751.', '0', '孕期营养', '孕期营养', null);
INSERT INTO `t_product_type` VALUES ('752', null, null, '童装童鞋', '687', null, '童装童鞋', '100', '.687.752.', '0', '童装童鞋', '童装童鞋', null);
INSERT INTO `t_product_type` VALUES ('753', null, null, '套装', '752', null, '套装', '100', '.687.752.753.', '0', '套装', '套装', null);
INSERT INTO `t_product_type` VALUES ('754', null, null, '上衣', '752', null, '上衣', '100', '.687.752.754.', '0', '上衣', '上衣', null);
INSERT INTO `t_product_type` VALUES ('755', null, null, '运动鞋', '752', null, '运动鞋', '100', '.687.752.755.', '0', '运动鞋', '运动鞋', null);
INSERT INTO `t_product_type` VALUES ('756', null, null, '裤子', '752', null, '裤子', '100', '.687.752.756.', '0', '裤子', '裤子', null);
INSERT INTO `t_product_type` VALUES ('757', null, null, '内衣', '752', null, '内衣', '100', '.687.752.757.', '0', '内衣', '内衣', null);
INSERT INTO `t_product_type` VALUES ('758', null, null, '皮鞋/帆布鞋', '752', null, '皮鞋/帆布鞋', '100', '.687.752.758.', '0', '皮鞋/帆布鞋', '皮鞋/帆布鞋', null);
INSERT INTO `t_product_type` VALUES ('759', null, null, '亲子装', '752', null, '亲子装', '100', '.687.752.759.', '0', '亲子装', '亲子装', null);
INSERT INTO `t_product_type` VALUES ('760', null, null, '羽绒服/棉服', '752', null, '羽绒服/棉服', '100', '.687.752.760.', '0', '羽绒服/棉服', '羽绒服/棉服', null);
INSERT INTO `t_product_type` VALUES ('761', null, null, '运动服', '752', null, '运动服', '100', '.687.752.761.', '0', '运动服', '运动服', null);
INSERT INTO `t_product_type` VALUES ('762', null, null, '靴子', '752', null, '靴子', '100', '.687.752.762.', '0', '靴子', '靴子', null);
INSERT INTO `t_product_type` VALUES ('763', null, null, '裙子', '752', null, '裙子', '100', '.687.752.763.', '0', '裙子', '裙子', null);
INSERT INTO `t_product_type` VALUES ('764', null, null, '凉鞋', '752', null, '凉鞋', '100', '.687.752.764.', '0', '凉鞋', '凉鞋', null);
INSERT INTO `t_product_type` VALUES ('765', null, null, '配饰', '752', null, '配饰', '100', '.687.752.765.', '0', '配饰', '配饰', null);
INSERT INTO `t_product_type` VALUES ('766', null, null, '玩具乐器', '687', null, '玩具乐器', '100', '.687.766.', '0', '玩具乐器', '玩具乐器', null);
INSERT INTO `t_product_type` VALUES ('767', null, null, '适用年龄', '766', null, '适用年龄', '100', '.687.766.767.', '0', '适用年龄', '适用年龄', null);
INSERT INTO `t_product_type` VALUES ('768', null, null, '遥控/电动', '766', null, '遥控/电动', '100', '.687.766.768.', '0', '遥控/电动', '遥控/电动', null);
INSERT INTO `t_product_type` VALUES ('769', null, null, '益智玩具', '766', null, '益智玩具', '100', '.687.766.769.', '0', '益智玩具', '益智玩具', null);
INSERT INTO `t_product_type` VALUES ('770', null, null, '积木拼插', '766', null, '积木拼插', '100', '.687.766.770.', '0', '积木拼插', '积木拼插', null);
INSERT INTO `t_product_type` VALUES ('771', null, null, '动漫玩具', '766', null, '动漫玩具', '100', '.687.766.771.', '0', '动漫玩具', '动漫玩具', null);
INSERT INTO `t_product_type` VALUES ('772', null, null, '毛绒布艺', '766', null, '毛绒布艺', '100', '.687.766.772.', '0', '毛绒布艺', '毛绒布艺', null);
INSERT INTO `t_product_type` VALUES ('773', null, null, '模型玩具', '766', null, '模型玩具', '100', '.687.766.773.', '0', '模型玩具', '模型玩具', null);
INSERT INTO `t_product_type` VALUES ('774', null, null, '健身玩具', '766', null, '健身玩具', '100', '.687.766.774.', '0', '健身玩具', '健身玩具', null);
INSERT INTO `t_product_type` VALUES ('775', null, null, '娃娃玩具', '766', null, '娃娃玩具', '100', '.687.766.775.', '0', '娃娃玩具', '娃娃玩具', null);
INSERT INTO `t_product_type` VALUES ('776', null, null, 'DIY玩具', '766', null, 'DIY玩具', '100', '.687.766.776.', '0', 'DIY玩具', 'DIY玩具', null);
INSERT INTO `t_product_type` VALUES ('777', null, null, '创意减压', '766', null, '创意减压', '100', '.687.766.777.', '0', '创意减压', '创意减压', null);
INSERT INTO `t_product_type` VALUES ('778', null, null, '乐器', '766', null, '乐器', '100', '.687.766.778.', '0', '乐器', '乐器', null);
INSERT INTO `t_product_type` VALUES ('779', null, null, '运动 / 户外 / 体育', '0', 'icon-zixingche', '运动 / 户外 / 体育', '100', '.779.', '0', '运动 / 户外 / 体育', '运动 / 户外 / 体育', null);
INSERT INTO `t_product_type` VALUES ('780', null, null, '运动鞋包', '779', null, '运动鞋包', '100', '.779.780.', '0', '运动鞋包', '运动鞋包', null);
INSERT INTO `t_product_type` VALUES ('781', null, null, '跑步鞋', '780', null, '跑步鞋', '100', '.779.780.781.', '0', '跑步鞋', '跑步鞋', null);
INSERT INTO `t_product_type` VALUES ('782', null, null, '休闲鞋', '780', null, '休闲鞋', '100', '.779.780.782.', '0', '休闲鞋', '休闲鞋', null);
INSERT INTO `t_product_type` VALUES ('783', null, null, '篮球鞋', '780', null, '篮球鞋', '100', '.779.780.783.', '0', '篮球鞋', '篮球鞋', null);
INSERT INTO `t_product_type` VALUES ('784', null, null, '板鞋', '780', null, '板鞋', '100', '.779.780.784.', '0', '板鞋', '板鞋', null);
INSERT INTO `t_product_type` VALUES ('785', null, null, '运动包', '780', null, '运动包', '100', '.779.780.785.', '0', '运动包', '运动包', null);
INSERT INTO `t_product_type` VALUES ('786', null, null, '足球鞋', '780', null, '足球鞋', '100', '.779.780.786.', '0', '足球鞋', '足球鞋', null);
INSERT INTO `t_product_type` VALUES ('787', null, null, '帆布鞋', '780', null, '帆布鞋', '100', '.779.780.787.', '0', '帆布鞋', '帆布鞋', null);
INSERT INTO `t_product_type` VALUES ('788', null, null, '乒羽网鞋', '780', null, '乒羽网鞋', '100', '.779.780.788.', '0', '乒羽网鞋', '乒羽网鞋', null);
INSERT INTO `t_product_type` VALUES ('789', null, null, '训练鞋', '780', null, '训练鞋', '100', '.779.780.789.', '0', '训练鞋', '训练鞋', null);
INSERT INTO `t_product_type` VALUES ('790', null, null, '专项运动鞋', '780', null, '专项运动鞋', '100', '.779.780.790.', '0', '专项运动鞋', '专项运动鞋', null);
INSERT INTO `t_product_type` VALUES ('791', null, null, '拖鞋', '780', null, '拖鞋', '100', '.779.780.791.', '0', '拖鞋', '拖鞋', null);
INSERT INTO `t_product_type` VALUES ('792', null, null, '运动服饰', '779', null, '运动服饰', '100', '.779.792.', '0', '运动服饰', '运动服饰', null);
INSERT INTO `t_product_type` VALUES ('793', null, null, '运动套装', '792', null, '运动套装', '100', '.779.792.793.', '0', '运动套装', '运动套装', null);
INSERT INTO `t_product_type` VALUES ('794', null, null, '羽绒服', '792', null, '羽绒服', '100', '.779.792.794.', '0', '羽绒服', '羽绒服', null);
INSERT INTO `t_product_type` VALUES ('795', null, null, '卫衣/套头衫', '792', null, '卫衣/套头衫', '100', '.779.792.795.', '0', '卫衣/套头衫', '卫衣/套头衫', null);
INSERT INTO `t_product_type` VALUES ('796', null, null, '棉服', '792', null, '棉服', '100', '.779.792.796.', '0', '棉服', '棉服', null);
INSERT INTO `t_product_type` VALUES ('797', null, null, '运动裤', '792', null, '运动裤', '100', '.779.792.797.', '0', '运动裤', '运动裤', null);
INSERT INTO `t_product_type` VALUES ('798', null, null, '夹克/风衣', '792', null, '夹克/风衣', '100', '.779.792.798.', '0', '夹克/风衣', '夹克/风衣', null);
INSERT INTO `t_product_type` VALUES ('799', null, null, '运动配饰', '792', null, '运动配饰', '100', '.779.792.799.', '0', '运动配饰', '运动配饰', null);
INSERT INTO `t_product_type` VALUES ('800', null, null, '运动背心', '792', null, '运动背心', '100', '.779.792.800.', '0', '运动背心', '运动背心', null);
INSERT INTO `t_product_type` VALUES ('801', null, null, '乒羽网服', '792', null, '乒羽网服', '100', '.779.792.801.', '0', '乒羽网服', '乒羽网服', null);
INSERT INTO `t_product_type` VALUES ('802', null, null, '训练服', '792', null, '训练服', '100', '.779.792.802.', '0', '训练服', '训练服', null);
INSERT INTO `t_product_type` VALUES ('803', null, null, '毛衫/绒衫', '792', null, '毛衫/绒衫', '100', '.779.792.803.', '0', '毛衫/绒衫', '毛衫/绒衫', null);
INSERT INTO `t_product_type` VALUES ('804', null, null, 'T恤', '792', null, 'T恤', '100', '.779.792.804.', '0', 'T恤', 'T恤', null);
INSERT INTO `t_product_type` VALUES ('805', null, null, '健身训练', '779', null, '健身训练', '100', '.779.805.', '0', '健身训练', '健身训练', null);
INSERT INTO `t_product_type` VALUES ('806', null, null, '跑步机', '805', null, '跑步机', '100', '.779.805.806.', '0', '跑步机', '跑步机', null);
INSERT INTO `t_product_type` VALUES ('807', null, null, '健身车/动感单车', '805', null, '健身车/动感单车', '100', '.779.805.807.', '0', '健身车/动感单车', '健身车/动感单车', null);
INSERT INTO `t_product_type` VALUES ('808', null, null, '哑铃', '805', null, '哑铃', '100', '.779.805.808.', '0', '哑铃', '哑铃', null);
INSERT INTO `t_product_type` VALUES ('809', null, null, '仰卧板/收腹机', '805', null, '仰卧板/收腹机', '100', '.779.805.809.', '0', '仰卧板/收腹机', '仰卧板/收腹机', null);
INSERT INTO `t_product_type` VALUES ('810', null, null, '甩脂机', '805', null, '甩脂机', '100', '.779.805.810.', '0', '甩脂机', '甩脂机', null);
INSERT INTO `t_product_type` VALUES ('811', null, null, '踏步机', '805', null, '踏步机', '100', '.779.805.811.', '0', '踏步机', '踏步机', null);
INSERT INTO `t_product_type` VALUES ('812', null, null, '运动护具', '805', null, '运动护具', '100', '.779.805.812.', '0', '运动护具', '运动护具', null);
INSERT INTO `t_product_type` VALUES ('813', null, null, '瑜伽舞蹈', '805', null, '瑜伽舞蹈', '100', '.779.805.813.', '0', '瑜伽舞蹈', '瑜伽舞蹈', null);
INSERT INTO `t_product_type` VALUES ('814', null, null, '武术搏击', '805', null, '武术搏击', '100', '.779.805.814.', '0', '武术搏击', '武术搏击', null);
INSERT INTO `t_product_type` VALUES ('815', null, null, '综合训练器', '805', null, '综合训练器', '100', '.779.805.815.', '0', '综合训练器', '综合训练器', null);
INSERT INTO `t_product_type` VALUES ('816', null, null, '其他大型器械', '805', null, '其他大型器械', '100', '.779.805.816.', '0', '其他大型器械', '其他大型器械', null);
INSERT INTO `t_product_type` VALUES ('817', null, null, '其他中小器材', '805', null, '其他中小器材', '100', '.779.805.817.', '0', '其他中小器材', '其他中小器材', null);
INSERT INTO `t_product_type` VALUES ('818', null, null, '骑行运动', '779', null, '骑行运动', '100', '.779.818.', '0', '骑行运动', '骑行运动', null);
INSERT INTO `t_product_type` VALUES ('819', null, null, '山地车/公路车', '818', null, '山地车/公路车', '100', '.779.818.819.', '0', '山地车/公路车', '山地车/公路车', null);
INSERT INTO `t_product_type` VALUES ('820', null, null, '折叠车', '818', null, '折叠车', '100', '.779.818.820.', '0', '折叠车', '折叠车', null);
INSERT INTO `t_product_type` VALUES ('821', null, null, '电动车', '818', null, '电动车', '100', '.779.818.821.', '0', '电动车', '电动车', null);
INSERT INTO `t_product_type` VALUES ('822', null, null, '平衡车', '818', null, '平衡车', '100', '.779.818.822.', '0', '平衡车', '平衡车', null);
INSERT INTO `t_product_type` VALUES ('823', null, null, '其他整车', '818', null, '其他整车', '100', '.779.818.823.', '0', '其他整车', '其他整车', null);
INSERT INTO `t_product_type` VALUES ('824', null, null, '骑行装备', '818', null, '骑行装备', '100', '.779.818.824.', '0', '骑行装备', '骑行装备', null);
INSERT INTO `t_product_type` VALUES ('825', null, null, '骑行服', '818', null, '骑行服', '100', '.779.818.825.', '0', '骑行服', '骑行服', null);
INSERT INTO `t_product_type` VALUES ('826', null, null, '体育用品', '779', null, '体育用品', '100', '.779.826.', '0', '体育用品', '体育用品', null);
INSERT INTO `t_product_type` VALUES ('827', null, null, '乒乓球', '826', null, '乒乓球', '100', '.779.826.827.', '0', '乒乓球', '乒乓球', null);
INSERT INTO `t_product_type` VALUES ('828', null, null, '羽毛球', '826', null, '羽毛球', '100', '.779.826.828.', '0', '羽毛球', '羽毛球', null);
INSERT INTO `t_product_type` VALUES ('829', null, null, '篮球', '826', null, '篮球', '100', '.779.826.829.', '0', '篮球', '篮球', null);
INSERT INTO `t_product_type` VALUES ('830', null, null, '足球', '826', null, '足球', '100', '.779.826.830.', '0', '足球', '足球', null);
INSERT INTO `t_product_type` VALUES ('831', null, null, '轮滑滑板', '826', null, '轮滑滑板', '100', '.779.826.831.', '0', '轮滑滑板', '轮滑滑板', null);
INSERT INTO `t_product_type` VALUES ('832', null, null, '网球', '826', null, '网球', '100', '.779.826.832.', '0', '网球', '网球', null);
INSERT INTO `t_product_type` VALUES ('833', null, null, '高尔夫', '826', null, '高尔夫', '100', '.779.826.833.', '0', '高尔夫', '高尔夫', null);
INSERT INTO `t_product_type` VALUES ('834', null, null, '台球', '826', null, '台球', '100', '.779.826.834.', '0', '台球', '台球', null);
INSERT INTO `t_product_type` VALUES ('835', null, null, '排球', '826', null, '排球', '100', '.779.826.835.', '0', '排球', '排球', null);
INSERT INTO `t_product_type` VALUES ('836', null, null, '棋牌麻将', '826', null, '棋牌麻将', '100', '.779.826.836.', '0', '棋牌麻将', '棋牌麻将', null);
INSERT INTO `t_product_type` VALUES ('837', null, null, '其他', '826', null, '其他', '100', '.779.826.837.', '0', '其他', '其他', null);
INSERT INTO `t_product_type` VALUES ('838', null, null, '户外鞋服', '779', null, '户外鞋服', '100', '.779.838.', '0', '户外鞋服', '户外鞋服', null);
INSERT INTO `t_product_type` VALUES ('839', null, null, '冲锋衣裤', '838', null, '冲锋衣裤', '100', '.779.838.839.', '0', '冲锋衣裤', '冲锋衣裤', null);
INSERT INTO `t_product_type` VALUES ('840', null, null, '速干衣裤', '838', null, '速干衣裤', '100', '.779.838.840.', '0', '速干衣裤', '速干衣裤', null);
INSERT INTO `t_product_type` VALUES ('841', null, null, '滑雪服', '838', null, '滑雪服', '100', '.779.838.841.', '0', '滑雪服', '滑雪服', null);
INSERT INTO `t_product_type` VALUES ('842', null, null, '羽绒服/棉服', '838', null, '羽绒服/棉服', '100', '.779.838.842.', '0', '羽绒服/棉服', '羽绒服/棉服', null);
INSERT INTO `t_product_type` VALUES ('843', null, null, '休闲衣裤', '838', null, '休闲衣裤', '100', '.779.838.843.', '0', '休闲衣裤', '休闲衣裤', null);
INSERT INTO `t_product_type` VALUES ('844', null, null, '抓绒衣裤', '838', null, '抓绒衣裤', '100', '.779.838.844.', '0', '抓绒衣裤', '抓绒衣裤', null);
INSERT INTO `t_product_type` VALUES ('845', null, null, '软壳衣裤', '838', null, '软壳衣裤', '100', '.779.838.845.', '0', '软壳衣裤', '软壳衣裤', null);
INSERT INTO `t_product_type` VALUES ('846', null, null, 'T恤', '838', null, 'T恤', '100', '.779.838.846.', '0', 'T恤', 'T恤', null);
INSERT INTO `t_product_type` VALUES ('847', null, null, '户外风衣', '838', null, '户外风衣', '100', '.779.838.847.', '0', '户外风衣', '户外风衣', null);
INSERT INTO `t_product_type` VALUES ('848', null, null, '功能内衣', '838', null, '功能内衣', '100', '.779.838.848.', '0', '功能内衣', '功能内衣', null);
INSERT INTO `t_product_type` VALUES ('849', null, null, '军迷服饰', '838', null, '军迷服饰', '100', '.779.838.849.', '0', '军迷服饰', '军迷服饰', null);
INSERT INTO `t_product_type` VALUES ('850', null, null, '登山鞋', '838', null, '登山鞋', '100', '.779.838.850.', '0', '登山鞋', '登山鞋', null);
INSERT INTO `t_product_type` VALUES ('851', null, null, '徒步鞋', '838', null, '徒步鞋', '100', '.779.838.851.', '0', '徒步鞋', '徒步鞋', null);
INSERT INTO `t_product_type` VALUES ('852', null, null, '越野跑鞋', '838', null, '越野跑鞋', '100', '.779.838.852.', '0', '越野跑鞋', '越野跑鞋', null);
INSERT INTO `t_product_type` VALUES ('853', null, null, '休闲鞋', '838', null, '休闲鞋', '100', '.779.838.853.', '0', '休闲鞋', '休闲鞋', null);
INSERT INTO `t_product_type` VALUES ('854', null, null, '雪地靴', '838', null, '雪地靴', '100', '.779.838.854.', '0', '雪地靴', '雪地靴', null);
INSERT INTO `t_product_type` VALUES ('855', null, null, '工装鞋', '838', null, '工装鞋', '100', '.779.838.855.', '0', '工装鞋', '工装鞋', null);
INSERT INTO `t_product_type` VALUES ('856', null, null, '溯溪鞋', '838', null, '溯溪鞋', '100', '.779.838.856.', '0', '溯溪鞋', '溯溪鞋', null);
INSERT INTO `t_product_type` VALUES ('857', null, null, '沙滩/凉鞋', '838', null, '沙滩/凉鞋', '100', '.779.838.857.', '0', '沙滩/凉鞋', '沙滩/凉鞋', null);
INSERT INTO `t_product_type` VALUES ('858', null, null, '户外袜', '838', null, '户外袜', '100', '.779.838.858.', '0', '户外袜', '户外袜', null);
INSERT INTO `t_product_type` VALUES ('859', null, null, '户外装备', '779', null, '户外装备', '100', '.779.859.', '0', '户外装备', '户外装备', null);
INSERT INTO `t_product_type` VALUES ('860', null, null, '背包', '859', null, '背包', '100', '.779.859.860.', '0', '背包', '背包', null);
INSERT INTO `t_product_type` VALUES ('861', null, null, '帐篷/垫子', '859', null, '帐篷/垫子', '100', '.779.859.861.', '0', '帐篷/垫子', '帐篷/垫子', null);
INSERT INTO `t_product_type` VALUES ('862', null, null, '睡袋/吊床', '859', null, '睡袋/吊床', '100', '.779.859.862.', '0', '睡袋/吊床', '睡袋/吊床', null);
INSERT INTO `t_product_type` VALUES ('863', null, null, '登山攀岩', '859', null, '登山攀岩', '100', '.779.859.863.', '0', '登山攀岩', '登山攀岩', null);
INSERT INTO `t_product_type` VALUES ('864', null, null, '户外照明', '859', null, '户外照明', '100', '.779.859.864.', '0', '户外照明', '户外照明', null);
INSERT INTO `t_product_type` VALUES ('865', null, null, '野餐烧烤', '859', null, '野餐烧烤', '100', '.779.859.865.', '0', '野餐烧烤', '野餐烧烤', null);
INSERT INTO `t_product_type` VALUES ('866', null, null, '便携桌椅床', '859', null, '便携桌椅床', '100', '.779.859.866.', '0', '便携桌椅床', '便携桌椅床', null);
INSERT INTO `t_product_type` VALUES ('867', null, null, '户外工具', '859', null, '户外工具', '100', '.779.859.867.', '0', '户外工具', '户外工具', null);
INSERT INTO `t_product_type` VALUES ('868', null, null, '望远镜', '859', null, '望远镜', '100', '.779.859.868.', '0', '望远镜', '望远镜', null);
INSERT INTO `t_product_type` VALUES ('869', null, null, '户外仪表', '859', null, '户外仪表', '100', '.779.859.869.', '0', '户外仪表', '户外仪表', null);
INSERT INTO `t_product_type` VALUES ('870', null, null, '旅游用品', '859', null, '旅游用品', '100', '.779.859.870.', '0', '旅游用品', '旅游用品', null);
INSERT INTO `t_product_type` VALUES ('871', null, null, '军迷用品', '859', null, '军迷用品', '100', '.779.859.871.', '0', '军迷用品', '军迷用品', null);
INSERT INTO `t_product_type` VALUES ('872', null, null, '救援装备', '859', null, '救援装备', '100', '.779.859.872.', '0', '救援装备', '救援装备', null);
INSERT INTO `t_product_type` VALUES ('873', null, null, '滑雪装备', '859', null, '滑雪装备', '100', '.779.859.873.', '0', '滑雪装备', '滑雪装备', null);
INSERT INTO `t_product_type` VALUES ('874', null, null, '极限户外', '859', null, '极限户外', '100', '.779.859.874.', '0', '极限户外', '极限户外', null);
INSERT INTO `t_product_type` VALUES ('875', null, null, '冲浪潜水', '859', null, '冲浪潜水', '100', '.779.859.875.', '0', '冲浪潜水', '冲浪潜水', null);
INSERT INTO `t_product_type` VALUES ('876', null, null, '户外配饰', '859', null, '户外配饰', '100', '.779.859.876.', '0', '户外配饰', '户外配饰', null);
INSERT INTO `t_product_type` VALUES ('877', null, null, '垂钓用品', '779', null, '垂钓用品', '100', '.779.877.', '0', '垂钓用品', '垂钓用品', null);
INSERT INTO `t_product_type` VALUES ('878', null, null, '鱼竿鱼线', '877', null, '鱼竿鱼线', '100', '.779.877.878.', '0', '鱼竿鱼线', '鱼竿鱼线', null);
INSERT INTO `t_product_type` VALUES ('879', null, null, '浮漂鱼饵', '877', null, '浮漂鱼饵', '100', '.779.877.879.', '0', '浮漂鱼饵', '浮漂鱼饵', null);
INSERT INTO `t_product_type` VALUES ('880', null, null, '钓鱼桌椅', '877', null, '钓鱼桌椅', '100', '.779.877.880.', '0', '钓鱼桌椅', '钓鱼桌椅', null);
INSERT INTO `t_product_type` VALUES ('881', null, null, '钓鱼配件', '877', null, '钓鱼配件', '100', '.779.877.881.', '0', '钓鱼配件', '钓鱼配件', null);
INSERT INTO `t_product_type` VALUES ('882', null, null, '钓箱鱼包', '877', null, '钓箱鱼包', '100', '.779.877.882.', '0', '钓箱鱼包', '钓箱鱼包', null);
INSERT INTO `t_product_type` VALUES ('883', null, null, '其他', '877', null, '其他', '100', '.779.877.883.', '0', '其他', '其他', null);
INSERT INTO `t_product_type` VALUES ('884', null, null, '游泳用品', '779', null, '游泳用品', '100', '.779.884.', '0', '游泳用品', '游泳用品', null);
INSERT INTO `t_product_type` VALUES ('885', null, null, '泳镜', '884', null, '泳镜', '100', '.779.884.885.', '0', '泳镜', '泳镜', null);
INSERT INTO `t_product_type` VALUES ('886', null, null, '泳帽', '884', null, '泳帽', '100', '.779.884.886.', '0', '泳帽', '泳帽', null);
INSERT INTO `t_product_type` VALUES ('887', null, null, '游泳包/防水包', '884', null, '游泳包/防水包', '100', '.779.884.887.', '0', '游泳包/防水包', '游泳包/防水包', null);
INSERT INTO `t_product_type` VALUES ('888', null, null, '男士泳衣', '884', null, '男士泳衣', '100', '.779.884.888.', '0', '男士泳衣', '男士泳衣', null);
INSERT INTO `t_product_type` VALUES ('889', null, null, '女士泳衣', '884', null, '女士泳衣', '100', '.779.884.889.', '0', '女士泳衣', '女士泳衣', null);
INSERT INTO `t_product_type` VALUES ('890', null, null, '比基尼', '884', null, '比基尼', '100', '.779.884.890.', '0', '比基尼', '比基尼', null);
INSERT INTO `t_product_type` VALUES ('891', null, null, '其他', '884', null, '其他', '100', '.779.884.891.', '0', '其他', '其他', null);
INSERT INTO `t_product_type` VALUES ('892', null, null, '汽车 / 用品 / 维保', '0', 'icon-qiche', '汽车 / 汽车用品', '100', '.892.', '0', '汽车 / 汽车用品', '汽车 / 汽车用品', null);
INSERT INTO `t_product_type` VALUES ('893', null, null, '维修保养', '892', null, '维修保养', '100', '.892.893.', '0', '维修保养', '维修保养', null);
INSERT INTO `t_product_type` VALUES ('894', null, null, '润滑油', '893', null, '润滑油', '100', '.892.893.894.', '0', '润滑油', '润滑油', null);
INSERT INTO `t_product_type` VALUES ('895', null, null, '添加剂', '893', null, '添加剂', '100', '.892.893.895.', '0', '添加剂', '添加剂', null);
INSERT INTO `t_product_type` VALUES ('896', null, null, '防冻液', '893', null, '防冻液', '100', '.892.893.896.', '0', '防冻液', '防冻液', null);
INSERT INTO `t_product_type` VALUES ('897', null, null, '滤清器', '893', null, '滤清器', '100', '.892.893.897.', '0', '滤清器', '滤清器', null);
INSERT INTO `t_product_type` VALUES ('898', null, null, '火花塞', '893', null, '火花塞', '100', '.892.893.898.', '0', '火花塞', '火花塞', null);
INSERT INTO `t_product_type` VALUES ('899', null, null, '雨刷', '893', null, '雨刷', '100', '.892.893.899.', '0', '雨刷', '雨刷', null);
INSERT INTO `t_product_type` VALUES ('900', null, null, '车灯', '893', null, '车灯', '100', '.892.893.900.', '0', '车灯', '车灯', null);
INSERT INTO `t_product_type` VALUES ('901', null, null, '后视镜', '893', null, '后视镜', '100', '.892.893.901.', '0', '后视镜', '后视镜', null);
INSERT INTO `t_product_type` VALUES ('902', null, null, '轮胎', '893', null, '轮胎', '100', '.892.893.902.', '0', '轮胎', '轮胎', null);
INSERT INTO `t_product_type` VALUES ('903', null, null, '轮毂', '893', null, '轮毂', '100', '.892.893.903.', '0', '轮毂', '轮毂', null);
INSERT INTO `t_product_type` VALUES ('904', null, null, '刹车片/盘', '893', null, '刹车片/盘', '100', '.892.893.904.', '0', '刹车片/盘', '刹车片/盘', null);
INSERT INTO `t_product_type` VALUES ('905', null, null, '维修配件', '893', null, '维修配件', '100', '.892.893.905.', '0', '维修配件', '维修配件', null);
INSERT INTO `t_product_type` VALUES ('906', null, null, '蓄电池', '893', null, '蓄电池', '100', '.892.893.906.', '0', '蓄电池', '蓄电池', null);
INSERT INTO `t_product_type` VALUES ('907', null, null, '底盘装甲/护板', '893', null, '底盘装甲/护板', '100', '.892.893.907.', '0', '底盘装甲/护板', '底盘装甲/护板', null);
INSERT INTO `t_product_type` VALUES ('908', null, null, '贴膜', '893', null, '贴膜', '100', '.892.893.908.', '0', '贴膜', '贴膜', null);
INSERT INTO `t_product_type` VALUES ('909', null, null, '汽修工具', '893', null, '汽修工具', '100', '.892.893.909.', '0', '汽修工具', '汽修工具', null);
INSERT INTO `t_product_type` VALUES ('910', null, null, '改装配件', '893', null, '改装配件', '100', '.892.893.910.', '0', '改装配件', '改装配件', null);
INSERT INTO `t_product_type` VALUES ('911', null, null, '车载电器', '892', null, '车载电器', '100', '.892.911.', '0', '车载电器', '车载电器', null);
INSERT INTO `t_product_type` VALUES ('912', null, null, '导航仪', '911', null, '导航仪', '100', '.892.911.912.', '0', '导航仪', '导航仪', null);
INSERT INTO `t_product_type` VALUES ('913', null, null, '安全预警仪', '911', null, '安全预警仪', '100', '.892.911.913.', '0', '安全预警仪', '安全预警仪', null);
INSERT INTO `t_product_type` VALUES ('914', null, null, '行车记录仪', '911', null, '行车记录仪', '100', '.892.911.914.', '0', '行车记录仪', '行车记录仪', null);
INSERT INTO `t_product_type` VALUES ('915', null, null, '倒车雷达', '911', null, '倒车雷达', '100', '.892.911.915.', '0', '倒车雷达', '倒车雷达', null);
INSERT INTO `t_product_type` VALUES ('916', null, null, '蓝牙设备', '911', null, '蓝牙设备', '100', '.892.911.916.', '0', '蓝牙设备', '蓝牙设备', null);
INSERT INTO `t_product_type` VALUES ('917', null, null, '时尚影音', '911', null, '时尚影音', '100', '.892.911.917.', '0', '时尚影音', '时尚影音', null);
INSERT INTO `t_product_type` VALUES ('918', null, null, '净化器', '911', null, '净化器', '100', '.892.911.918.', '0', '净化器', '净化器', null);
INSERT INTO `t_product_type` VALUES ('919', null, null, '电源', '911', null, '电源', '100', '.892.911.919.', '0', '电源', '电源', null);
INSERT INTO `t_product_type` VALUES ('920', null, null, '智能驾驶', '911', null, '智能驾驶', '100', '.892.911.920.', '0', '智能驾驶', '智能驾驶', null);
INSERT INTO `t_product_type` VALUES ('921', null, null, '车载电台', '911', null, '车载电台', '100', '.892.911.921.', '0', '车载电台', '车载电台', null);
INSERT INTO `t_product_type` VALUES ('922', null, null, '吸尘器', '911', null, '吸尘器', '100', '.892.911.922.', '0', '吸尘器', '吸尘器', null);
INSERT INTO `t_product_type` VALUES ('923', null, null, '冰箱', '911', null, '冰箱', '100', '.892.911.923.', '0', '冰箱', '冰箱', null);
INSERT INTO `t_product_type` VALUES ('924', null, null, '美容清洗', '892', null, '美容清洗', '100', '.892.924.', '0', '美容清洗', '美容清洗', null);
INSERT INTO `t_product_type` VALUES ('925', null, null, '车蜡', '924', null, '车蜡', '100', '.892.924.925.', '0', '车蜡', '车蜡', null);
INSERT INTO `t_product_type` VALUES ('926', null, null, '补漆笔', '924', null, '补漆笔', '100', '.892.924.926.', '0', '补漆笔', '补漆笔', null);
INSERT INTO `t_product_type` VALUES ('927', null, null, '玻璃水', '924', null, '玻璃水', '100', '.892.924.927.', '0', '玻璃水', '玻璃水', null);
INSERT INTO `t_product_type` VALUES ('928', null, null, '清洁剂', '924', null, '清洁剂', '100', '.892.924.928.', '0', '清洁剂', '清洁剂', null);
INSERT INTO `t_product_type` VALUES ('929', null, null, '洗车工具', '924', null, '洗车工具', '100', '.892.924.929.', '0', '洗车工具', '洗车工具', null);
INSERT INTO `t_product_type` VALUES ('930', null, null, '洗车配件', '924', null, '洗车配件', '100', '.892.924.930.', '0', '洗车配件', '洗车配件', null);
INSERT INTO `t_product_type` VALUES ('931', null, null, '汽车装饰', '892', null, '汽车装饰', '100', '.892.931.', '0', '汽车装饰', '汽车装饰', null);
INSERT INTO `t_product_type` VALUES ('932', null, null, '脚垫', '931', null, '脚垫', '100', '.892.931.932.', '0', '脚垫', '脚垫', null);
INSERT INTO `t_product_type` VALUES ('933', null, null, '座垫', '931', null, '座垫', '100', '.892.931.933.', '0', '座垫', '座垫', null);
INSERT INTO `t_product_type` VALUES ('934', null, null, '座套', '931', null, '座套', '100', '.892.931.934.', '0', '座套', '座套', null);
INSERT INTO `t_product_type` VALUES ('935', null, null, '后备箱垫', '931', null, '后备箱垫', '100', '.892.931.935.', '0', '后备箱垫', '后备箱垫', null);
INSERT INTO `t_product_type` VALUES ('936', null, null, '头枕腰靠', '931', null, '头枕腰靠', '100', '.892.931.936.', '0', '头枕腰靠', '头枕腰靠', null);
INSERT INTO `t_product_type` VALUES ('937', null, null, '车载香水', '931', null, '车载香水', '100', '.892.931.937.', '0', '车载香水', '车载香水', null);
INSERT INTO `t_product_type` VALUES ('938', null, null, '空气净化', '931', null, '空气净化', '100', '.892.931.938.', '0', '空气净化', '空气净化', null);
INSERT INTO `t_product_type` VALUES ('939', null, null, '车内饰品', '931', null, '车内饰品', '100', '.892.931.939.', '0', '车内饰品', '车内饰品', null);
INSERT INTO `t_product_type` VALUES ('940', null, null, '功能小件', '931', null, '功能小件', '100', '.892.931.940.', '0', '功能小件', '功能小件', null);
INSERT INTO `t_product_type` VALUES ('941', null, null, '车身装饰品', '931', null, '车身装饰品', '100', '.892.931.941.', '0', '车身装饰品', '车身装饰品', null);
INSERT INTO `t_product_type` VALUES ('942', null, null, '车衣', '931', null, '车衣', '100', '.892.931.942.', '0', '车衣', '车衣', null);
INSERT INTO `t_product_type` VALUES ('943', null, null, '安全自驾', '892', null, '安全自驾', '100', '.892.943.', '0', '安全自驾', '安全自驾', null);
INSERT INTO `t_product_type` VALUES ('944', null, null, '安全座椅', '943', null, '安全座椅', '100', '.892.943.944.', '0', '安全座椅', '安全座椅', null);
INSERT INTO `t_product_type` VALUES ('945', null, null, '胎压监测', '943', null, '胎压监测', '100', '.892.943.945.', '0', '胎压监测', '胎压监测', null);
INSERT INTO `t_product_type` VALUES ('946', null, null, '充气泵', '943', null, '充气泵', '100', '.892.943.946.', '0', '充气泵', '充气泵', null);
INSERT INTO `t_product_type` VALUES ('947', null, null, '防盗设备', '943', null, '防盗设备', '100', '.892.943.947.', '0', '防盗设备', '防盗设备', null);
INSERT INTO `t_product_type` VALUES ('948', null, null, '应急救援', '943', null, '应急救援', '100', '.892.943.948.', '0', '应急救援', '应急救援', null);
INSERT INTO `t_product_type` VALUES ('949', null, null, '保温箱', '943', null, '保温箱', '100', '.892.943.949.', '0', '保温箱', '保温箱', null);
INSERT INTO `t_product_type` VALUES ('950', null, null, '储物箱', '943', null, '储物箱', '100', '.892.943.950.', '0', '储物箱', '储物箱', null);
INSERT INTO `t_product_type` VALUES ('951', null, null, '自驾野营', '943', null, '自驾野营', '100', '.892.943.951.', '0', '自驾野营', '自驾野营', null);
INSERT INTO `t_product_type` VALUES ('952', null, null, '摩托车装备', '943', null, '摩托车装备', '100', '.892.943.952.', '0', '摩托车装备', '摩托车装备', null);
INSERT INTO `t_product_type` VALUES ('953', null, null, '汽车/车辆', '892', null, '汽车/车辆', '100', '.892.953.', '0', '汽车/车辆', '汽车/车辆', null);
INSERT INTO `t_product_type` VALUES ('954', null, null, '新能源汽车', '953', null, '新能源汽车', '100', '.892.953.954.', '0', '新能源汽车', '新能源汽车', null);
INSERT INTO `t_product_type` VALUES ('955', null, null, '农用汽车', '953', null, '农用汽车', '100', '.892.953.955.', '0', '农用汽车', '农用汽车', null);
INSERT INTO `t_product_type` VALUES ('956', null, null, '物流配送车', '953', null, '物流配送车', '100', '.892.953.956.', '0', '物流配送车', '物流配送车', null);
INSERT INTO `t_product_type` VALUES ('957', null, null, '电动车', '953', null, '电动车', '100', '.892.953.957.', '0', '电动车', '电动车', null);
INSERT INTO `t_product_type` VALUES ('958', null, null, '农资 / 劳保 / 花卉', '0', 'icon-miaoxiansheng', '农资 / 劳保 / 花卉 ', '100', '.958.', '0', '农资 / 劳保 / 花卉', '农资 / 劳保 / 花卉', null);
INSERT INTO `t_product_type` VALUES ('959', null, null, '农药', '958', null, '农药', '100', '.958.959.', '0', '农药', '农药', null);
INSERT INTO `t_product_type` VALUES ('960', null, null, '杀菌剂', '959', null, '杀菌剂', '100', '.958.959.960.', '0', '杀菌剂', '杀菌剂', null);
INSERT INTO `t_product_type` VALUES ('961', null, null, '杀虫剂', '959', null, '杀虫剂', '100', '.958.959.961.', '0', '杀虫剂', '杀虫剂', null);
INSERT INTO `t_product_type` VALUES ('962', null, null, '除草剂', '959', null, '除草剂', '100', '.958.959.962.', '0', '除草剂', '除草剂', null);
INSERT INTO `t_product_type` VALUES ('963', null, null, '调节剂', '959', null, '调节剂', '100', '.958.959.963.', '0', '调节剂', '调节剂', null);
INSERT INTO `t_product_type` VALUES ('964', null, null, '杀螨剂', '959', null, '杀螨剂', '100', '.958.959.964.', '0', '杀螨剂', '杀螨剂', null);
INSERT INTO `t_product_type` VALUES ('965', null, null, '杀鼠剂', '959', null, '杀鼠剂', '100', '.958.959.965.', '0', '杀鼠剂', '杀鼠剂', null);
INSERT INTO `t_product_type` VALUES ('966', null, null, '敌敌畏', '959', null, '敌敌畏', '100', '.958.959.966.', '0', '敌敌畏', '敌敌畏', null);
INSERT INTO `t_product_type` VALUES ('967', null, null, '草甘膦', '959', null, '草甘膦', '100', '.958.959.967.', '0', '草甘膦', '草甘膦', null);
INSERT INTO `t_product_type` VALUES ('968', null, null, '种子种苗', '958', null, '种子种苗', '100', '.958.968.', '0', '种子种苗', '种子种苗', null);
INSERT INTO `t_product_type` VALUES ('969', null, null, '园林种苗', '968', null, '园林种苗', '100', '.958.968.969.', '0', '园林种苗', '园林种苗', null);
INSERT INTO `t_product_type` VALUES ('970', null, null, '动物种苗', '968', null, '动物种苗', '100', '.958.968.970.', '0', '动物种苗', '动物种苗', null);
INSERT INTO `t_product_type` VALUES ('971', null, null, '蔬菜种苗', '968', null, '蔬菜种苗', '100', '.958.968.971.', '0', '蔬菜种苗', '蔬菜种苗', null);
INSERT INTO `t_product_type` VALUES ('972', null, null, '水果种苗', '968', null, '水果种苗', '100', '.958.968.972.', '0', '水果种苗', '水果种苗', null);
INSERT INTO `t_product_type` VALUES ('973', null, null, '粮油种子', '968', null, '粮油种子', '100', '.958.968.973.', '0', '粮油种子', '粮油种子', null);
INSERT INTO `t_product_type` VALUES ('974', null, null, '药材种苗', '968', null, '药材种苗', '100', '.958.968.974.', '0', '药材种苗', '药材种苗', null);
INSERT INTO `t_product_type` VALUES ('975', null, null, '食用菌种', '968', null, '食用菌种', '100', '.958.968.975.', '0', '食用菌种', '食用菌种', null);
INSERT INTO `t_product_type` VALUES ('976', null, null, '辣木籽', '968', null, '辣木籽', '100', '.958.968.976.', '0', '辣木籽', '辣木籽', null);
INSERT INTO `t_product_type` VALUES ('977', null, null, '肥料', '958', null, '肥料', '100', '.958.977.', '0', '肥料', '肥料', null);
INSERT INTO `t_product_type` VALUES ('978', null, null, '氮肥', '977', null, '氮肥', '100', '.958.977.978.', '0', '氮肥', '氮肥', null);
INSERT INTO `t_product_type` VALUES ('979', null, null, '磷肥', '977', null, '磷肥', '100', '.958.977.979.', '0', '磷肥', '磷肥', null);
INSERT INTO `t_product_type` VALUES ('980', null, null, '钾肥 ', '977', null, '钾肥 ', '100', '.958.977.980.', '0', '钾肥 ', '钾肥 ', null);
INSERT INTO `t_product_type` VALUES ('981', null, null, '叶面肥', '977', null, '叶面肥', '100', '.958.977.981.', '0', '叶面肥', '叶面肥', null);
INSERT INTO `t_product_type` VALUES ('982', null, null, '新型肥料', '977', null, '新型肥料', '100', '.958.977.982.', '0', '新型肥料', '新型肥料', null);
INSERT INTO `t_product_type` VALUES ('983', null, null, '复合肥', '977', null, '复合肥', '100', '.958.977.983.', '0', '复合肥', '复合肥', null);
INSERT INTO `t_product_type` VALUES ('984', null, null, '生物肥料', '977', null, '生物肥料', '100', '.958.977.984.', '0', '生物肥料', '生物肥料', null);
INSERT INTO `t_product_type` VALUES ('985', null, null, '有机肥', '977', null, '有机肥', '100', '.958.977.985.', '0', '有机肥', '有机肥', null);
INSERT INTO `t_product_type` VALUES ('986', null, null, '农业机械', '958', null, '农业机械', '100', '.958.986.', '0', '农业机械', '农业机械', null);
INSERT INTO `t_product_type` VALUES ('987', null, null, '耕种机械', '986', null, '耕种机械', '100', '.958.986.987.', '0', '耕种机械', '耕种机械', null);
INSERT INTO `t_product_type` VALUES ('988', null, null, '收割机械', '986', null, '收割机械', '100', '.958.986.988.', '0', '收割机械', '收割机械', null);
INSERT INTO `t_product_type` VALUES ('989', null, null, '农机配件', '986', null, '农机配件', '100', '.958.986.989.', '0', '农机配件', '农机配件', null);
INSERT INTO `t_product_type` VALUES ('990', null, null, '植保机械', '986', null, '植保机械', '100', '.958.986.990.', '0', '植保机械', '植保机械', null);
INSERT INTO `t_product_type` VALUES ('991', null, null, '拖拉机', '986', null, '拖拉机', '100', '.958.986.991.', '0', '拖拉机', '拖拉机', null);
INSERT INTO `t_product_type` VALUES ('992', null, null, '施肥机械', '986', null, '施肥机械', '100', '.958.986.992.', '0', '施肥机械', '施肥机械', null);
INSERT INTO `t_product_type` VALUES ('993', null, null, '粮油设备', '986', null, '粮油设备', '100', '.958.986.993.', '0', '粮油设备', '粮油设备', null);
INSERT INTO `t_product_type` VALUES ('994', null, null, '微耕机', '986', null, '微耕机', '100', '.958.986.994.', '0', '微耕机', '微耕机', null);
INSERT INTO `t_product_type` VALUES ('995', null, null, '农膜', '958', null, '农膜', '100', '.958.995.', '0', '农膜', '农膜', null);
INSERT INTO `t_product_type` VALUES ('996', null, null, '塑料薄膜', '995', null, '塑料薄膜', '100', '.958.995.996.', '0', '塑料薄膜', '塑料薄膜', null);
INSERT INTO `t_product_type` VALUES ('997', null, null, '大棚膜', '995', null, '大棚膜', '100', '.958.995.997.', '0', '大棚膜', '大棚膜', null);
INSERT INTO `t_product_type` VALUES ('998', null, null, '防渗膜', '995', null, '防渗膜', '100', '.958.995.998.', '0', '防渗膜', '防渗膜', null);
INSERT INTO `t_product_type` VALUES ('999', null, null, '鱼塘专用', '995', null, '鱼塘专用', '100', '.958.995.999.', '0', '鱼塘专用', '鱼塘专用', null);
INSERT INTO `t_product_type` VALUES ('1000', null, null, '薄膜', '995', null, '薄膜', '100', '.958.995.1000.', '0', '薄膜', '薄膜', null);
INSERT INTO `t_product_type` VALUES ('1001', null, null, '遮阳网', '995', null, '遮阳网', '100', '.958.995.1001.', '0', '遮阳网', '遮阳网', null);
INSERT INTO `t_product_type` VALUES ('1002', null, null, '篷布', '995', null, '篷布', '100', '.958.995.1002.', '0', '篷布', '篷布', null);
INSERT INTO `t_product_type` VALUES ('1003', null, null, '防虫网', '995', null, '防虫网', '100', '.958.995.1003.', '0', '防虫网', '防虫网', null);
INSERT INTO `t_product_type` VALUES ('1004', null, null, '农业工具', '958', null, '农业工具', '100', '.958.1004.', '0', '农业工具', '农业工具', null);
INSERT INTO `t_product_type` VALUES ('1005', null, null, '镰刀', '1004', null, '镰刀', '100', '.958.1004.1005.', '0', '镰刀', '镰刀', null);
INSERT INTO `t_product_type` VALUES ('1006', null, null, '揪', '1004', null, '揪', '100', '.958.1004.1006.', '0', '揪', '揪', null);
INSERT INTO `t_product_type` VALUES ('1007', null, null, '高压水枪', '1004', null, '高压水枪', '100', '.958.1004.1007.', '0', '高压水枪', '高压水枪', null);
INSERT INTO `t_product_type` VALUES ('1008', null, null, '掀', '1004', null, '掀', '100', '.958.1004.1008.', '0', '掀', '掀', null);
INSERT INTO `t_product_type` VALUES ('1009', null, null, '镐', '1004', null, '镐', '100', '.958.1004.1009.', '0', '镐', '镐', null);
INSERT INTO `t_product_type` VALUES ('1010', null, null, '耙子', '1004', null, '耙子', '100', '.958.1004.1010.', '0', '耙子', '耙子', null);
INSERT INTO `t_product_type` VALUES ('1011', null, null, '锄头', '1004', null, '锄头', '100', '.958.1004.1011.', '0', '锄头', '锄头', null);
INSERT INTO `t_product_type` VALUES ('1012', null, null, '叉', '1004', null, '叉', '100', '.958.1004.1012.', '0', '叉', '叉', null);
INSERT INTO `t_product_type` VALUES ('1013', null, null, '饲料', '958', null, '饲料', '100', '.958.1013.', '0', '饲料', '饲料', null);
INSERT INTO `t_product_type` VALUES ('1014', null, null, '猪饲料', '1013', null, '猪饲料', '100', '.958.1013.1014.', '0', '猪饲料', '猪饲料', null);
INSERT INTO `t_product_type` VALUES ('1015', null, null, '羊饲料', '1013', null, '羊饲料', '100', '.958.1013.1015.', '0', '羊饲料', '羊饲料', null);
INSERT INTO `t_product_type` VALUES ('1016', null, null, '牛饲料', '1013', null, '牛饲料', '100', '.958.1013.1016.', '0', '牛饲料', '牛饲料', null);
INSERT INTO `t_product_type` VALUES ('1017', null, null, '预混料', '1013', null, '预混料', '100', '.958.1013.1017.', '0', '预混料', '预混料', null);
INSERT INTO `t_product_type` VALUES ('1018', null, null, '饲料原料', '1013', null, '饲料原料', '100', '.958.1013.1018.', '0', '饲料原料', '饲料原料', null);
INSERT INTO `t_product_type` VALUES ('1019', null, null, '全价料', '1013', null, '全价料', '100', '.958.1013.1019.', '0', '全价料', '全价料', null);
INSERT INTO `t_product_type` VALUES ('1020', null, null, '饲料添加', '1013', null, '饲料添加', '100', '.958.1013.1020.', '0', '饲料添加', '饲料添加', null);
INSERT INTO `t_product_type` VALUES ('1021', null, null, '浓缩料', '1013', null, '浓缩料', '100', '.958.1013.1021.', '0', '浓缩料', '浓缩料', null);
INSERT INTO `t_product_type` VALUES ('1022', null, null, '花卉绿植', '958', null, '花卉绿植', '100', '.958.1022.', '0', '花卉绿植', '花卉绿植', null);
INSERT INTO `t_product_type` VALUES ('1023', null, null, '绿植同城', '1022', null, '绿植同城', '100', '.958.1022.1023.', '0', '绿植同城', '绿植同城', null);
INSERT INTO `t_product_type` VALUES ('1024', null, null, '园艺方案', '1022', null, '园艺方案', '100', '.958.1022.1024.', '0', '园艺方案', '园艺方案', null);
INSERT INTO `t_product_type` VALUES ('1025', null, null, '多肉植物', '1022', null, '多肉植物', '100', '.958.1022.1025.', '0', '多肉植物', '多肉植物', null);
INSERT INTO `t_product_type` VALUES ('1026', null, null, '桌面盆栽', '1022', null, '桌面盆栽', '100', '.958.1022.1026.', '0', '桌面盆栽', '桌面盆栽', null);
INSERT INTO `t_product_type` VALUES ('1027', null, null, '水培花卉', '1022', null, '水培花卉', '100', '.958.1022.1027.', '0', '水培花卉', '水培花卉', null);
INSERT INTO `t_product_type` VALUES ('1028', null, null, '苔藓景观', '1022', null, '苔藓景观', '100', '.958.1022.1028.', '0', '苔藓景观', '苔藓景观', null);
INSERT INTO `t_product_type` VALUES ('1029', null, null, '园艺用品', '958', null, '园艺用品', '100', '.958.1029.', '0', '园艺用品', '园艺用品', null);
INSERT INTO `t_product_type` VALUES ('1030', null, null, '花盆花器', '1029', null, '花盆花器', '100', '.958.1029.1030.', '0', '花盆花器', '花盆花器', null);
INSERT INTO `t_product_type` VALUES ('1031', null, null, '花卉药剂', '1029', null, '花卉药剂', '100', '.958.1029.1031.', '0', '花卉药剂', '花卉药剂', null);
INSERT INTO `t_product_type` VALUES ('1032', null, null, '营养土', '1029', null, '营养土', '100', '.958.1029.1032.', '0', '营养土', '营养土', null);
INSERT INTO `t_product_type` VALUES ('1033', null, null, '园艺工具', '1029', null, '园艺工具', '100', '.958.1029.1033.', '0', '园艺工具', '园艺工具', null);
INSERT INTO `t_product_type` VALUES ('1034', null, null, '洒水壶', '1029', null, '洒水壶', '100', '.958.1029.1034.', '0', '洒水壶', '洒水壶', null);
INSERT INTO `t_product_type` VALUES ('1035', null, null, '花架', '1029', null, '花架', '100', '.958.1029.1035.', '0', '花架', '花架', null);
INSERT INTO `t_product_type` VALUES ('1036', null, null, '铺面石', '1029', null, '铺面石', '100', '.958.1029.1036.', '0', '铺面石', '铺面石', null);
